analysis,method,nuisance_seed,pair_id,statistic,p_value,rejected_at_0_05,permutations,role,holm_all_pairs_p,holm_replication_p
acquisition_only_sharp_null,quotient_exact,20260731,pair_01,-0.16658060711384715,1.0,False,256,primary,1.0,1.0
acquisition_only_sharp_null,quotient_exact,20260731,pair_02,-0.16250653909894097,1.0,False,256,replication,1.0,1.0
acquisition_only_sharp_null,quotient_exact,20260731,pair_03,-0.15753964595202552,1.0,False,256,replication,1.0,1.0
acquisition_only_sharp_null,quotient_exact,20260731,pair_04,-0.15924956005548485,1.0,False,256,replication,1.0,1.0
acquisition_only_sharp_null,quotient_exact,20260731,pair_05,-0.16558776703049616,1.0,False,256,replication,1.0,1.0
acquisition_only_sharp_null,quotient_exact,20260731,pair_06,-0.1603041415422216,1.0,False,256,replication,1.0,1.0
acquisition_only_sharp_null,quotient_exact,20260731,pair_07,-0.1569071204059661,1.0,False,256,replication,1.0,1.0
acquisition_only_sharp_null,quotient_exact,20260731,pair_08,-0.1644506148041479,1.0,False,256,replication,1.0,1.0
acquisition_only_sharp_null,quotient_exact,20260731,pair_09,-0.15844496027791866,1.0,False,256,replication,1.0,1.0
acquisition_only_sharp_null,quotient_exact,20260731,pair_10,-0.16065955807289267,1.0,False,256,replication,1.0,1.0
acquisition_only_sharp_null,raw_coordinates,20260731,pair_01,0.23878615908835543,0.0078125,True,256,primary,0.078125,0.0078125
acquisition_only_sharp_null,raw_coordinates,20260731,pair_02,0.23257007416697628,0.0078125,True,256,replication,0.078125,0.0703125
acquisition_only_sharp_null,raw_coordinates,20260731,pair_03,0.30283993175732227,0.0078125,True,256,replication,0.078125,0.0703125
acquisition_only_sharp_null,raw_coordinates,20260731,pair_04,0.1981093639304965,0.0078125,True,256,replication,0.078125,0.0703125
acquisition_only_sharp_null,raw_coordinates,20260731,pair_05,0.27470358414599505,0.0078125,True,256,replication,0.078125,0.0703125
acquisition_only_sharp_null,raw_coordinates,20260731,pair_06,0.24866252240252784,0.0078125,True,256,replication,0.078125,0.0703125
acquisition_only_sharp_null,raw_coordinates,20260731,pair_07,0.23127896633684708,0.0078125,True,256,replication,0.078125,0.0703125
acquisition_only_sharp_null,raw_coordinates,20260731,pair_08,0.17496802693889546,0.0078125,True,256,replication,0.078125,0.0703125
acquisition_only_sharp_null,raw_coordinates,20260731,pair_09,0.3177028787883641,0.0078125,True,256,replication,0.078125,0.0703125
acquisition_only_sharp_null,raw_coordinates,20260731,pair_10,0.2205818469007761,0.0078125,True,256,replication,0.078125,0.0703125
acquisition_only_sharp_null,moment_registration,20260731,pair_01,-0.16487332241898467,1.0,False,256,primary,1.0,1.0
acquisition_only_sharp_null,moment_registration,20260731,pair_02,-0.15665441914571843,1.0,False,256,replication,1.0,1.0
acquisition_only_sharp_null,moment_registration,20260731,pair_03,-0.15858549782217968,1.0,False,256,replication,1.0,1.0
acquisition_only_sharp_null,moment_registration,20260731,pair_04,-0.16305117020314353,1.0,False,256,replication,1.0,1.0
acquisition_only_sharp_null,moment_registration,20260731,pair_05,-0.16715776780183855,1.0,False,256,replication,1.0,1.0
acquisition_only_sharp_null,moment_registration,20260731,pair_06,-0.15855536248409063,1.0,False,256,replication,1.0,1.0
acquisition_only_sharp_null,moment_registration,20260731,pair_07,-0.15521104856169265,1.0,False,256,replication,1.0,1.0
acquisition_only_sharp_null,moment_registration,20260731,pair_08,-0.15878873489001621,1.0,False,256,replication,1.0,1.0
acquisition_only_sharp_null,moment_registration,20260731,pair_09,-0.15610222645079663,1.0,False,256,replication,1.0,1.0
acquisition_only_sharp_null,moment_registration,20260731,pair_10,-0.159152296960427,1.0,False,256,replication,1.0,1.0
acquisition_only_sharp_null,euler_secondary,20260731,pair_01,-0.15807774289491416,1.0,False,256,primary,1.0,1.0
acquisition_only_sharp_null,euler_secondary,20260731,pair_02,-0.1329019821421562,1.0,False,256,replication,1.0,1.0
acquisition_only_sharp_null,euler_secondary,20260731,pair_03,-0.17912825050856496,1.0,False,256,replication,1.0,1.0
acquisition_only_sharp_null,euler_secondary,20260731,pair_04,-0.15759196783688645,1.0,False,256,replication,1.0,1.0
acquisition_only_sharp_null,euler_secondary,20260731,pair_05,-0.1505133657918244,1.0,False,256,replication,1.0,1.0
acquisition_only_sharp_null,euler_secondary,20260731,pair_06,-0.15113169542160232,1.0,False,256,replication,1.0,1.0
acquisition_only_sharp_null,euler_secondary,20260731,pair_07,-0.16064275860179678,1.0,False,256,replication,1.0,1.0
acquisition_only_sharp_null,euler_secondary,20260731,pair_08,-0.15668248215242364,1.0,False,256,replication,1.0,1.0
acquisition_only_sharp_null,euler_secondary,20260731,pair_09,-0.15894518364970123,1.0,False,256,replication,1.0,1.0
acquisition_only_sharp_null,euler_secondary,20260731,pair_10,-0.15983216863048788,1.0,False,256,replication,1.0,1.0
acquisition_only_sharp_null,quotient_exact,20260732,pair_01,-0.16658060711384715,1.0,False,256,primary,1.0,1.0
acquisition_only_sharp_null,quotient_exact,20260732,pair_02,-0.16250653909894097,1.0,False,256,replication,1.0,1.0
acquisition_only_sharp_null,quotient_exact,20260732,pair_03,-0.15753964595202552,1.0,False,256,replication,1.0,1.0
acquisition_only_sharp_null,quotient_exact,20260732,pair_04,-0.15924956005548485,1.0,False,256,replication,1.0,1.0
acquisition_only_sharp_null,quotient_exact,20260732,pair_05,-0.16558776703049616,1.0,False,256,replication,1.0,1.0
acquisition_only_sharp_null,quotient_exact,20260732,pair_06,-0.1603041415422216,1.0,False,256,replication,1.0,1.0
acquisition_only_sharp_null,quotient_exact,20260732,pair_07,-0.1569071204059661,1.0,False,256,replication,1.0,1.0
acquisition_only_sharp_null,quotient_exact,20260732,pair_08,-0.1644506148041479,1.0,False,256,replication,1.0,1.0
acquisition_only_sharp_null,quotient_exact,20260732,pair_09,-0.15844496027791866,1.0,False,256,replication,1.0,1.0
acquisition_only_sharp_null,quotient_exact,20260732,pair_10,-0.16065955807289267,1.0,False,256,replication,1.0,1.0
acquisition_only_sharp_null,raw_coordinates,20260732,pair_01,0.23781354179722158,0.0078125,True,256,primary,0.078125,0.0078125
acquisition_only_sharp_null,raw_coordinates,20260732,pair_02,0.26005336075597874,0.0078125,True,256,replication,0.078125,0.0703125
acquisition_only_sharp_null,raw_coordinates,20260732,pair_03,0.27934048088213104,0.0078125,True,256,replication,0.078125,0.0703125
acquisition_only_sharp_null,raw_coordinates,20260732,pair_04,0.19143722937248753,0.0078125,True,256,replication,0.078125,0.0703125
acquisition_only_sharp_null,raw_coordinates,20260732,pair_05,0.30593955319067345,0.0078125,True,256,replication,0.078125,0.0703125
acquisition_only_sharp_null,raw_coordinates,20260732,pair_06,0.23779373972088225,0.0078125,True,256,replication,0.078125,0.0703125
acquisition_only_sharp_null,raw_coordinates,20260732,pair_07,0.2682098652922773,0.0078125,True,256,replication,0.078125,0.0703125
acquisition_only_sharp_null,raw_coordinates,20260732,pair_08,0.2174644332168283,0.0078125,True,256,replication,0.078125,0.0703125
acquisition_only_sharp_null,raw_coordinates,20260732,pair_09,0.25948201787106595,0.0078125,True,256,replication,0.078125,0.0703125
acquisition_only_sharp_null,raw_coordinates,20260732,pair_10,0.20708400344400102,0.0078125,True,256,replication,0.078125,0.0703125
acquisition_only_sharp_null,moment_registration,20260732,pair_01,-0.16487332241898467,1.0,False,256,primary,1.0,1.0
acquisition_only_sharp_null,moment_registration,20260732,pair_02,-0.15665441914571843,1.0,False,256,replication,1.0,1.0
acquisition_only_sharp_null,moment_registration,20260732,pair_03,-0.15858549782217968,1.0,False,256,replication,1.0,1.0
acquisition_only_sharp_null,moment_registration,20260732,pair_04,-0.16305117020314353,1.0,False,256,replication,1.0,1.0
acquisition_only_sharp_null,moment_registration,20260732,pair_05,-0.16715776780183855,1.0,False,256,replication,1.0,1.0
acquisition_only_sharp_null,moment_registration,20260732,pair_06,-0.15855536248409063,1.0,False,256,replication,1.0,1.0
acquisition_only_sharp_null,moment_registration,20260732,pair_07,-0.15521104856169265,1.0,False,256,replication,1.0,1.0
acquisition_only_sharp_null,moment_registration,20260732,pair_08,-0.15878873489001621,1.0,False,256,replication,1.0,1.0
acquisition_only_sharp_null,moment_registration,20260732,pair_09,-0.15610222645079663,1.0,False,256,replication,1.0,1.0
acquisition_only_sharp_null,moment_registration,20260732,pair_10,-0.159152296960427,1.0,False,256,replication,1.0,1.0
acquisition_only_sharp_null,euler_secondary,20260732,pair_01,-0.15807774289491416,1.0,False,256,primary,1.0,1.0
acquisition_only_sharp_null,euler_secondary,20260732,pair_02,-0.1329019821421562,1.0,False,256,replication,1.0,1.0
acquisition_only_sharp_null,euler_secondary,20260732,pair_03,-0.17912825050856496,1.0,False,256,replication,1.0,1.0
acquisition_only_sharp_null,euler_secondary,20260732,pair_04,-0.15759196783688645,1.0,False,256,replication,1.0,1.0
acquisition_only_sharp_null,euler_secondary,20260732,pair_05,-0.1505133657918244,1.0,False,256,replication,1.0,1.0
acquisition_only_sharp_null,euler_secondary,20260732,pair_06,-0.15113169542160232,1.0,False,256,replication,1.0,1.0
acquisition_only_sharp_null,euler_secondary,20260732,pair_07,-0.16064275860179678,1.0,False,256,replication,1.0,1.0
acquisition_only_sharp_null,euler_secondary,20260732,pair_08,-0.15668248215242364,1.0,False,256,replication,1.0,1.0
acquisition_only_sharp_null,euler_secondary,20260732,pair_09,-0.15894518364970123,1.0,False,256,replication,1.0,1.0
acquisition_only_sharp_null,euler_secondary,20260732,pair_10,-0.15983216863048788,1.0,False,256,replication,1.0,1.0
acquisition_only_sharp_null,quotient_exact,20260733,pair_01,-0.16658060711384715,1.0,False,256,primary,1.0,1.0
acquisition_only_sharp_null,quotient_exact,20260733,pair_02,-0.16250653909894097,1.0,False,256,replication,1.0,1.0
acquisition_only_sharp_null,quotient_exact,20260733,pair_03,-0.15753964595202552,1.0,False,256,replication,1.0,1.0
acquisition_only_sharp_null,quotient_exact,20260733,pair_04,-0.15924956005548485,1.0,False,256,replication,1.0,1.0
acquisition_only_sharp_null,quotient_exact,20260733,pair_05,-0.16558776703049616,1.0,False,256,replication,1.0,1.0
acquisition_only_sharp_null,quotient_exact,20260733,pair_06,-0.1603041415422216,1.0,False,256,replication,1.0,1.0
acquisition_only_sharp_null,quotient_exact,20260733,pair_07,-0.1569071204059661,1.0,False,256,replication,1.0,1.0
acquisition_only_sharp_null,quotient_exact,20260733,pair_08,-0.1644506148041479,1.0,False,256,replication,1.0,1.0
acquisition_only_sharp_null,quotient_exact,20260733,pair_09,-0.15844496027791866,1.0,False,256,replication,1.0,1.0
acquisition_only_sharp_null,quotient_exact,20260733,pair_10,-0.16065955807289267,1.0,False,256,replication,1.0,1.0
acquisition_only_sharp_null,raw_coordinates,20260733,pair_01,0.25650511350487315,0.0078125,True,256,primary,0.078125,0.0078125
acquisition_only_sharp_null,raw_coordinates,20260733,pair_02,0.27611520749700924,0.0078125,True,256,replication,0.078125,0.0703125
acquisition_only_sharp_null,raw_coordinates,20260733,pair_03,0.30227478413964537,0.0078125,True,256,replication,0.078125,0.0703125
acquisition_only_sharp_null,raw_coordinates,20260733,pair_04,0.21761479243969395,0.0078125,True,256,replication,0.078125,0.0703125
acquisition_only_sharp_null,raw_coordinates,20260733,pair_05,0.2859071793333279,0.0078125,True,256,replication,0.078125,0.0703125
acquisition_only_sharp_null,raw_coordinates,20260733,pair_06,0.32014605547128205,0.0078125,True,256,replication,0.078125,0.0703125
acquisition_only_sharp_null,raw_coordinates,20260733,pair_07,0.2403952701548957,0.0078125,True,256,replication,0.078125,0.0703125
acquisition_only_sharp_null,raw_coordinates,20260733,pair_08,0.26203650148330027,0.0078125,True,256,replication,0.078125,0.0703125
acquisition_only_sharp_null,raw_coordinates,20260733,pair_09,0.3140976542398205,0.0078125,True,256,replication,0.078125,0.0703125
acquisition_only_sharp_null,raw_coordinates,20260733,pair_10,0.20978246942673084,0.0078125,True,256,replication,0.078125,0.0703125
acquisition_only_sharp_null,moment_registration,20260733,pair_01,-0.16487332241898467,1.0,False,256,primary,1.0,1.0
acquisition_only_sharp_null,moment_registration,20260733,pair_02,-0.15665441914571843,1.0,False,256,replication,1.0,1.0
acquisition_only_sharp_null,moment_registration,20260733,pair_03,-0.15858549782217968,1.0,False,256,replication,1.0,1.0
acquisition_only_sharp_null,moment_registration,20260733,pair_04,-0.16305117020314353,1.0,False,256,replication,1.0,1.0
acquisition_only_sharp_null,moment_registration,20260733,pair_05,-0.16715776780183855,1.0,False,256,replication,1.0,1.0
acquisition_only_sharp_null,moment_registration,20260733,pair_06,-0.15855536248409063,1.0,False,256,replication,1.0,1.0
acquisition_only_sharp_null,moment_registration,20260733,pair_07,-0.15521104856169265,1.0,False,256,replication,1.0,1.0
acquisition_only_sharp_null,moment_registration,20260733,pair_08,-0.15878873489001621,1.0,False,256,replication,1.0,1.0
acquisition_only_sharp_null,moment_registration,20260733,pair_09,-0.15610222645079663,1.0,False,256,replication,1.0,1.0
acquisition_only_sharp_null,moment_registration,20260733,pair_10,-0.159152296960427,1.0,False,256,replication,1.0,1.0
acquisition_only_sharp_null,euler_secondary,20260733,pair_01,-0.15807774289491416,1.0,False,256,primary,1.0,1.0
acquisition_only_sharp_null,euler_secondary,20260733,pair_02,-0.1329019821421562,1.0,False,256,replication,1.0,1.0
acquisition_only_sharp_null,euler_secondary,20260733,pair_03,-0.17912825050856496,1.0,False,256,replication,1.0,1.0
acquisition_only_sharp_null,euler_secondary,20260733,pair_04,-0.15759196783688645,1.0,False,256,replication,1.0,1.0
acquisition_only_sharp_null,euler_secondary,20260733,pair_05,-0.1505133657918244,1.0,False,256,replication,1.0,1.0
acquisition_only_sharp_null,euler_secondary,20260733,pair_06,-0.15113169542160232,1.0,False,256,replication,1.0,1.0
acquisition_only_sharp_null,euler_secondary,20260733,pair_07,-0.16064275860179678,1.0,False,256,replication,1.0,1.0
acquisition_only_sharp_null,euler_secondary,20260733,pair_08,-0.15668248215242364,1.0,False,256,replication,1.0,1.0
acquisition_only_sharp_null,euler_secondary,20260733,pair_09,-0.15894518364970123,1.0,False,256,replication,1.0,1.0
acquisition_only_sharp_null,euler_secondary,20260733,pair_10,-0.15983216863048788,1.0,False,256,replication,1.0,1.0
acquisition_only_sharp_null,quotient_exact,20260734,pair_01,-0.16658060711384715,1.0,False,256,primary,1.0,1.0
acquisition_only_sharp_null,quotient_exact,20260734,pair_02,-0.16250653909894097,1.0,False,256,replication,1.0,1.0
acquisition_only_sharp_null,quotient_exact,20260734,pair_03,-0.15753964595202552,1.0,False,256,replication,1.0,1.0
acquisition_only_sharp_null,quotient_exact,20260734,pair_04,-0.15924956005548485,1.0,False,256,replication,1.0,1.0
acquisition_only_sharp_null,quotient_exact,20260734,pair_05,-0.16558776703049616,1.0,False,256,replication,1.0,1.0
acquisition_only_sharp_null,quotient_exact,20260734,pair_06,-0.1603041415422216,1.0,False,256,replication,1.0,1.0
acquisition_only_sharp_null,quotient_exact,20260734,pair_07,-0.1569071204059661,1.0,False,256,replication,1.0,1.0
acquisition_only_sharp_null,quotient_exact,20260734,pair_08,-0.1644506148041479,1.0,False,256,replication,1.0,1.0
acquisition_only_sharp_null,quotient_exact,20260734,pair_09,-0.15844496027791866,1.0,False,256,replication,1.0,1.0
acquisition_only_sharp_null,quotient_exact,20260734,pair_10,-0.16065955807289267,1.0,False,256,replication,1.0,1.0
acquisition_only_sharp_null,raw_coordinates,20260734,pair_01,0.2115935411898887,0.0078125,True,256,primary,0.078125,0.0078125
acquisition_only_sharp_null,raw_coordinates,20260734,pair_02,0.3035788923239645,0.0078125,True,256,replication,0.078125,0.0703125
acquisition_only_sharp_null,raw_coordinates,20260734,pair_03,0.2405235757972215,0.0078125,True,256,replication,0.078125,0.0703125
acquisition_only_sharp_null,raw_coordinates,20260734,pair_04,0.18198869359012904,0.0078125,True,256,replication,0.078125,0.0703125
acquisition_only_sharp_null,raw_coordinates,20260734,pair_05,0.2631722703631162,0.0078125,True,256,replication,0.078125,0.0703125
acquisition_only_sharp_null,raw_coordinates,20260734,pair_06,0.21713941760480626,0.0078125,True,256,replication,0.078125,0.0703125
acquisition_only_sharp_null,raw_coordinates,20260734,pair_07,0.2803966560071285,0.0078125,True,256,replication,0.078125,0.0703125
acquisition_only_sharp_null,raw_coordinates,20260734,pair_08,0.2617251240214571,0.0078125,True,256,replication,0.078125,0.0703125
acquisition_only_sharp_null,raw_coordinates,20260734,pair_09,0.3204124674130593,0.0078125,True,256,replication,0.078125,0.0703125
acquisition_only_sharp_null,raw_coordinates,20260734,pair_10,0.2458969059350209,0.0078125,True,256,replication,0.078125,0.0703125
acquisition_only_sharp_null,moment_registration,20260734,pair_01,-0.16487332241898467,1.0,False,256,primary,1.0,1.0
acquisition_only_sharp_null,moment_registration,20260734,pair_02,-0.15665441914571843,1.0,False,256,replication,1.0,1.0
acquisition_only_sharp_null,moment_registration,20260734,pair_03,-0.15858549782217968,1.0,False,256,replication,1.0,1.0
acquisition_only_sharp_null,moment_registration,20260734,pair_04,-0.16305117020314353,1.0,False,256,replication,1.0,1.0
acquisition_only_sharp_null,moment_registration,20260734,pair_05,-0.16715776780183855,1.0,False,256,replication,1.0,1.0
acquisition_only_sharp_null,moment_registration,20260734,pair_06,-0.15855536248409063,1.0,False,256,replication,1.0,1.0
acquisition_only_sharp_null,moment_registration,20260734,pair_07,-0.15521104856169265,1.0,False,256,replication,1.0,1.0
acquisition_only_sharp_null,moment_registration,20260734,pair_08,-0.15878873489001621,1.0,False,256,replication,1.0,1.0
acquisition_only_sharp_null,moment_registration,20260734,pair_09,-0.15610222645079663,1.0,False,256,replication,1.0,1.0
acquisition_only_sharp_null,moment_registration,20260734,pair_10,-0.159152296960427,1.0,False,256,replication,1.0,1.0
acquisition_only_sharp_null,euler_secondary,20260734,pair_01,-0.15807774289491416,1.0,False,256,primary,1.0,1.0
acquisition_only_sharp_null,euler_secondary,20260734,pair_02,-0.1329019821421562,1.0,False,256,replication,1.0,1.0
acquisition_only_sharp_null,euler_secondary,20260734,pair_03,-0.17912825050856496,1.0,False,256,replication,1.0,1.0
acquisition_only_sharp_null,euler_secondary,20260734,pair_04,-0.15759196783688645,1.0,False,256,replication,1.0,1.0
acquisition_only_sharp_null,euler_secondary,20260734,pair_05,-0.1505133657918244,1.0,False,256,replication,1.0,1.0
acquisition_only_sharp_null,euler_secondary,20260734,pair_06,-0.15113169542160232,1.0,False,256,replication,1.0,1.0
acquisition_only_sharp_null,euler_secondary,20260734,pair_07,-0.16064275860179678,1.0,False,256,replication,1.0,1.0
acquisition_only_sharp_null,euler_secondary,20260734,pair_08,-0.15668248215242364,1.0,False,256,replication,1.0,1.0
acquisition_only_sharp_null,euler_secondary,20260734,pair_09,-0.15894518364970123,1.0,False,256,replication,1.0,1.0
acquisition_only_sharp_null,euler_secondary,20260734,pair_10,-0.15983216863048788,1.0,False,256,replication,1.0,1.0
acquisition_only_sharp_null,quotient_exact,20260735,pair_01,-0.16658060711384715,1.0,False,256,primary,1.0,1.0
acquisition_only_sharp_null,quotient_exact,20260735,pair_02,-0.16250653909894097,1.0,False,256,replication,1.0,1.0
acquisition_only_sharp_null,quotient_exact,20260735,pair_03,-0.15753964595202552,1.0,False,256,replication,1.0,1.0
acquisition_only_sharp_null,quotient_exact,20260735,pair_04,-0.15924956005548485,1.0,False,256,replication,1.0,1.0
acquisition_only_sharp_null,quotient_exact,20260735,pair_05,-0.16558776703049616,1.0,False,256,replication,1.0,1.0
acquisition_only_sharp_null,quotient_exact,20260735,pair_06,-0.1603041415422216,1.0,False,256,replication,1.0,1.0
acquisition_only_sharp_null,quotient_exact,20260735,pair_07,-0.1569071204059661,1.0,False,256,replication,1.0,1.0
acquisition_only_sharp_null,quotient_exact,20260735,pair_08,-0.1644506148041479,1.0,False,256,replication,1.0,1.0
acquisition_only_sharp_null,quotient_exact,20260735,pair_09,-0.15844496027791866,1.0,False,256,replication,1.0,1.0
acquisition_only_sharp_null,quotient_exact,20260735,pair_10,-0.16065955807289267,1.0,False,256,replication,1.0,1.0
acquisition_only_sharp_null,raw_coordinates,20260735,pair_01,0.19893528739982802,0.0078125,True,256,primary,0.078125,0.0078125
acquisition_only_sharp_null,raw_coordinates,20260735,pair_02,0.2984859383770786,0.0078125,True,256,replication,0.078125,0.0703125
acquisition_only_sharp_null,raw_coordinates,20260735,pair_03,0.28816251772017687,0.0078125,True,256,replication,0.078125,0.0703125
acquisition_only_sharp_null,raw_coordinates,20260735,pair_04,0.20696495854162034,0.0078125,True,256,replication,0.078125,0.0703125
acquisition_only_sharp_null,raw_coordinates,20260735,pair_05,0.2596374193024199,0.0078125,True,256,replication,0.078125,0.0703125
acquisition_only_sharp_null,raw_coordinates,20260735,pair_06,0.24715610535266908,0.0078125,True,256,replication,0.078125,0.0703125
acquisition_only_sharp_null,raw_coordinates,20260735,pair_07,0.2474108803939401,0.0078125,True,256,replication,0.078125,0.0703125
acquisition_only_sharp_null,raw_coordinates,20260735,pair_08,0.21720442898349301,0.0078125,True,256,replication,0.078125,0.0703125
acquisition_only_sharp_null,raw_coordinates,20260735,pair_09,0.3134572130820499,0.0078125,True,256,replication,0.078125,0.0703125
acquisition_only_sharp_null,raw_coordinates,20260735,pair_10,0.2602535452024265,0.0078125,True,256,replication,0.078125,0.0703125
acquisition_only_sharp_null,moment_registration,20260735,pair_01,-0.16487332241898467,1.0,False,256,primary,1.0,1.0
acquisition_only_sharp_null,moment_registration,20260735,pair_02,-0.15665441914571843,1.0,False,256,replication,1.0,1.0
acquisition_only_sharp_null,moment_registration,20260735,pair_03,-0.15858549782217968,1.0,False,256,replication,1.0,1.0
acquisition_only_sharp_null,moment_registration,20260735,pair_04,-0.16305117020314353,1.0,False,256,replication,1.0,1.0
acquisition_only_sharp_null,moment_registration,20260735,pair_05,-0.16715776780183855,1.0,False,256,replication,1.0,1.0
acquisition_only_sharp_null,moment_registration,20260735,pair_06,-0.15855536248409063,1.0,False,256,replication,1.0,1.0
acquisition_only_sharp_null,moment_registration,20260735,pair_07,-0.15521104856169265,1.0,False,256,replication,1.0,1.0
acquisition_only_sharp_null,moment_registration,20260735,pair_08,-0.15878873489001621,1.0,False,256,replication,1.0,1.0
acquisition_only_sharp_null,moment_registration,20260735,pair_09,-0.15610222645079663,1.0,False,256,replication,1.0,1.0
acquisition_only_sharp_null,moment_registration,20260735,pair_10,-0.159152296960427,1.0,False,256,replication,1.0,1.0
acquisition_only_sharp_null,euler_secondary,20260735,pair_01,-0.15807774289491416,1.0,False,256,primary,1.0,1.0
acquisition_only_sharp_null,euler_secondary,20260735,pair_02,-0.1329019821421562,1.0,False,256,replication,1.0,1.0
acquisition_only_sharp_null,euler_secondary,20260735,pair_03,-0.17912825050856496,1.0,False,256,replication,1.0,1.0
acquisition_only_sharp_null,euler_secondary,20260735,pair_04,-0.15759196783688645,1.0,False,256,replication,1.0,1.0
acquisition_only_sharp_null,euler_secondary,20260735,pair_05,-0.1505133657918244,1.0,False,256,replication,1.0,1.0
acquisition_only_sharp_null,euler_secondary,20260735,pair_06,-0.15113169542160232,1.0,False,256,replication,1.0,1.0
acquisition_only_sharp_null,euler_secondary,20260735,pair_07,-0.16064275860179678,1.0,False,256,replication,1.0,1.0
acquisition_only_sharp_null,euler_secondary,20260735,pair_08,-0.15668248215242364,1.0,False,256,replication,1.0,1.0
acquisition_only_sharp_null,euler_secondary,20260735,pair_09,-0.15894518364970123,1.0,False,256,replication,1.0,1.0
acquisition_only_sharp_null,euler_secondary,20260735,pair_10,-0.15983216863048788,1.0,False,256,replication,1.0,1.0
acquisition_only_sharp_null,quotient_exact,20260736,pair_01,-0.16658060711384715,1.0,False,256,primary,1.0,1.0
acquisition_only_sharp_null,quotient_exact,20260736,pair_02,-0.16250653909894097,1.0,False,256,replication,1.0,1.0
acquisition_only_sharp_null,quotient_exact,20260736,pair_03,-0.15753964595202552,1.0,False,256,replication,1.0,1.0
acquisition_only_sharp_null,quotient_exact,20260736,pair_04,-0.15924956005548485,1.0,False,256,replication,1.0,1.0
acquisition_only_sharp_null,quotient_exact,20260736,pair_05,-0.16558776703049616,1.0,False,256,replication,1.0,1.0
acquisition_only_sharp_null,quotient_exact,20260736,pair_06,-0.1603041415422216,1.0,False,256,replication,1.0,1.0
acquisition_only_sharp_null,quotient_exact,20260736,pair_07,-0.1569071204059661,1.0,False,256,replication,1.0,1.0
acquisition_only_sharp_null,quotient_exact,20260736,pair_08,-0.1644506148041479,1.0,False,256,replication,1.0,1.0
acquisition_only_sharp_null,quotient_exact,20260736,pair_09,-0.15844496027791866,1.0,False,256,replication,1.0,1.0
acquisition_only_sharp_null,quotient_exact,20260736,pair_10,-0.16065955807289267,1.0,False,256,replication,1.0,1.0
acquisition_only_sharp_null,raw_coordinates,20260736,pair_01,0.24917351460239168,0.0078125,True,256,primary,0.078125,0.0078125
acquisition_only_sharp_null,raw_coordinates,20260736,pair_02,0.3167050443570739,0.0078125,True,256,replication,0.078125,0.0703125
acquisition_only_sharp_null,raw_coordinates,20260736,pair_03,0.2774491077799315,0.0078125,True,256,replication,0.078125,0.0703125
acquisition_only_sharp_null,raw_coordinates,20260736,pair_04,0.22209461352575577,0.0078125,True,256,replication,0.078125,0.0703125
acquisition_only_sharp_null,raw_coordinates,20260736,pair_05,0.2825791428368497,0.0078125,True,256,replication,0.078125,0.0703125
acquisition_only_sharp_null,raw_coordinates,20260736,pair_06,0.297881406473661,0.0078125,True,256,replication,0.078125,0.0703125
acquisition_only_sharp_null,raw_coordinates,20260736,pair_07,0.24536106470636598,0.0078125,True,256,replication,0.078125,0.0703125
acquisition_only_sharp_null,raw_coordinates,20260736,pair_08,0.2159554474052514,0.0078125,True,256,replication,0.078125,0.0703125
acquisition_only_sharp_null,raw_coordinates,20260736,pair_09,0.27941446764715727,0.0078125,True,256,replication,0.078125,0.0703125
acquisition_only_sharp_null,raw_coordinates,20260736,pair_10,0.22102435900242057,0.0078125,True,256,replication,0.078125,0.0703125
acquisition_only_sharp_null,moment_registration,20260736,pair_01,-0.16487332241898467,1.0,False,256,primary,1.0,1.0
acquisition_only_sharp_null,moment_registration,20260736,pair_02,-0.15665441914571843,1.0,False,256,replication,1.0,1.0
acquisition_only_sharp_null,moment_registration,20260736,pair_03,-0.15858549782217968,1.0,False,256,replication,1.0,1.0
acquisition_only_sharp_null,moment_registration,20260736,pair_04,-0.16305117020314353,1.0,False,256,replication,1.0,1.0
acquisition_only_sharp_null,moment_registration,20260736,pair_05,-0.16715776780183855,1.0,False,256,replication,1.0,1.0
acquisition_only_sharp_null,moment_registration,20260736,pair_06,-0.15855536248409063,1.0,False,256,replication,1.0,1.0
acquisition_only_sharp_null,moment_registration,20260736,pair_07,-0.15521104856169265,1.0,False,256,replication,1.0,1.0
acquisition_only_sharp_null,moment_registration,20260736,pair_08,-0.15878873489001621,1.0,False,256,replication,1.0,1.0
acquisition_only_sharp_null,moment_registration,20260736,pair_09,-0.15610222645079663,1.0,False,256,replication,1.0,1.0
acquisition_only_sharp_null,moment_registration,20260736,pair_10,-0.159152296960427,1.0,False,256,replication,1.0,1.0
acquisition_only_sharp_null,euler_secondary,20260736,pair_01,-0.15807774289491416,1.0,False,256,primary,1.0,1.0
acquisition_only_sharp_null,euler_secondary,20260736,pair_02,-0.1329019821421562,1.0,False,256,replication,1.0,1.0
acquisition_only_sharp_null,euler_secondary,20260736,pair_03,-0.17912825050856496,1.0,False,256,replication,1.0,1.0
acquisition_only_sharp_null,euler_secondary,20260736,pair_04,-0.15759196783688645,1.0,False,256,replication,1.0,1.0
acquisition_only_sharp_null,euler_secondary,20260736,pair_05,-0.1505133657918244,1.0,False,256,replication,1.0,1.0
acquisition_only_sharp_null,euler_secondary,20260736,pair_06,-0.15113169542160232,1.0,False,256,replication,1.0,1.0
acquisition_only_sharp_null,euler_secondary,20260736,pair_07,-0.16064275860179678,1.0,False,256,replication,1.0,1.0
acquisition_only_sharp_null,euler_secondary,20260736,pair_08,-0.15668248215242364,1.0,False,256,replication,1.0,1.0
acquisition_only_sharp_null,euler_secondary,20260736,pair_09,-0.15894518364970123,1.0,False,256,replication,1.0,1.0
acquisition_only_sharp_null,euler_secondary,20260736,pair_10,-0.15983216863048788,1.0,False,256,replication,1.0,1.0
acquisition_only_sharp_null,quotient_exact,20260737,pair_01,-0.16658060711384715,1.0,False,256,primary,1.0,1.0
acquisition_only_sharp_null,quotient_exact,20260737,pair_02,-0.16250653909894097,1.0,False,256,replication,1.0,1.0
acquisition_only_sharp_null,quotient_exact,20260737,pair_03,-0.15753964595202552,1.0,False,256,replication,1.0,1.0
acquisition_only_sharp_null,quotient_exact,20260737,pair_04,-0.15924956005548485,1.0,False,256,replication,1.0,1.0
acquisition_only_sharp_null,quotient_exact,20260737,pair_05,-0.16558776703049616,1.0,False,256,replication,1.0,1.0
acquisition_only_sharp_null,quotient_exact,20260737,pair_06,-0.1603041415422216,1.0,False,256,replication,1.0,1.0
acquisition_only_sharp_null,quotient_exact,20260737,pair_07,-0.1569071204059661,1.0,False,256,replication,1.0,1.0
acquisition_only_sharp_null,quotient_exact,20260737,pair_08,-0.1644506148041479,1.0,False,256,replication,1.0,1.0
acquisition_only_sharp_null,quotient_exact,20260737,pair_09,-0.15844496027791866,1.0,False,256,replication,1.0,1.0
acquisition_only_sharp_null,quotient_exact,20260737,pair_10,-0.16065955807289267,1.0,False,256,replication,1.0,1.0
acquisition_only_sharp_null,raw_coordinates,20260737,pair_01,0.19393335172940418,0.0078125,True,256,primary,0.078125,0.0078125
acquisition_only_sharp_null,raw_coordinates,20260737,pair_02,0.30533271294219766,0.0078125,True,256,replication,0.078125,0.0703125
acquisition_only_sharp_null,raw_coordinates,20260737,pair_03,0.29726536326281683,0.0078125,True,256,replication,0.078125,0.0703125
acquisition_only_sharp_null,raw_coordinates,20260737,pair_04,0.19043483181588805,0.0078125,True,256,replication,0.078125,0.0703125
acquisition_only_sharp_null,raw_coordinates,20260737,pair_05,0.277747624753957,0.0078125,True,256,replication,0.078125,0.0703125
acquisition_only_sharp_null,raw_coordinates,20260737,pair_06,0.27263155776622516,0.0078125,True,256,replication,0.078125,0.0703125
acquisition_only_sharp_null,raw_coordinates,20260737,pair_07,0.25886277189671736,0.0078125,True,256,replication,0.078125,0.0703125
acquisition_only_sharp_null,raw_coordinates,20260737,pair_08,0.23863465264154538,0.0078125,True,256,replication,0.078125,0.0703125
acquisition_only_sharp_null,raw_coordinates,20260737,pair_09,0.29930004296762547,0.0078125,True,256,replication,0.078125,0.0703125
acquisition_only_sharp_null,raw_coordinates,20260737,pair_10,0.24188105132100213,0.0078125,True,256,replication,0.078125,0.0703125
acquisition_only_sharp_null,moment_registration,20260737,pair_01,-0.16487332241898467,1.0,False,256,primary,1.0,1.0
acquisition_only_sharp_null,moment_registration,20260737,pair_02,-0.15665441914571843,1.0,False,256,replication,1.0,1.0
acquisition_only_sharp_null,moment_registration,20260737,pair_03,-0.15858549782217968,1.0,False,256,replication,1.0,1.0
acquisition_only_sharp_null,moment_registration,20260737,pair_04,-0.16305117020314353,1.0,False,256,replication,1.0,1.0
acquisition_only_sharp_null,moment_registration,20260737,pair_05,-0.16715776780183855,1.0,False,256,replication,1.0,1.0
acquisition_only_sharp_null,moment_registration,20260737,pair_06,-0.15855536248409063,1.0,False,256,replication,1.0,1.0
acquisition_only_sharp_null,moment_registration,20260737,pair_07,-0.15521104856169265,1.0,False,256,replication,1.0,1.0
acquisition_only_sharp_null,moment_registration,20260737,pair_08,-0.15878873489001621,1.0,False,256,replication,1.0,1.0
acquisition_only_sharp_null,moment_registration,20260737,pair_09,-0.15610222645079663,1.0,False,256,replication,1.0,1.0
acquisition_only_sharp_null,moment_registration,20260737,pair_10,-0.159152296960427,1.0,False,256,replication,1.0,1.0
acquisition_only_sharp_null,euler_secondary,20260737,pair_01,-0.15807774289491416,1.0,False,256,primary,1.0,1.0
acquisition_only_sharp_null,euler_secondary,20260737,pair_02,-0.1329019821421562,1.0,False,256,replication,1.0,1.0
acquisition_only_sharp_null,euler_secondary,20260737,pair_03,-0.17912825050856496,1.0,False,256,replication,1.0,1.0
acquisition_only_sharp_null,euler_secondary,20260737,pair_04,-0.15759196783688645,1.0,False,256,replication,1.0,1.0
acquisition_only_sharp_null,euler_secondary,20260737,pair_05,-0.1505133657918244,1.0,False,256,replication,1.0,1.0
acquisition_only_sharp_null,euler_secondary,20260737,pair_06,-0.15113169542160232,1.0,False,256,replication,1.0,1.0
acquisition_only_sharp_null,euler_secondary,20260737,pair_07,-0.16064275860179678,1.0,False,256,replication,1.0,1.0
acquisition_only_sharp_null,euler_secondary,20260737,pair_08,-0.15668248215242364,1.0,False,256,replication,1.0,1.0
acquisition_only_sharp_null,euler_secondary,20260737,pair_09,-0.15894518364970123,1.0,False,256,replication,1.0,1.0
acquisition_only_sharp_null,euler_secondary,20260737,pair_10,-0.15983216863048788,1.0,False,256,replication,1.0,1.0
acquisition_only_sharp_null,quotient_exact,20260738,pair_01,-0.16658060711384715,1.0,False,256,primary,1.0,1.0
acquisition_only_sharp_null,quotient_exact,20260738,pair_02,-0.16250653909894097,1.0,False,256,replication,1.0,1.0
acquisition_only_sharp_null,quotient_exact,20260738,pair_03,-0.15753964595202552,1.0,False,256,replication,1.0,1.0
acquisition_only_sharp_null,quotient_exact,20260738,pair_04,-0.15924956005548485,1.0,False,256,replication,1.0,1.0
acquisition_only_sharp_null,quotient_exact,20260738,pair_05,-0.16558776703049616,1.0,False,256,replication,1.0,1.0
acquisition_only_sharp_null,quotient_exact,20260738,pair_06,-0.1603041415422216,1.0,False,256,replication,1.0,1.0
acquisition_only_sharp_null,quotient_exact,20260738,pair_07,-0.1569071204059661,1.0,False,256,replication,1.0,1.0
acquisition_only_sharp_null,quotient_exact,20260738,pair_08,-0.1644506148041479,1.0,False,256,replication,1.0,1.0
acquisition_only_sharp_null,quotient_exact,20260738,pair_09,-0.15844496027791866,1.0,False,256,replication,1.0,1.0
acquisition_only_sharp_null,quotient_exact,20260738,pair_10,-0.16065955807289267,1.0,False,256,replication,1.0,1.0
acquisition_only_sharp_null,raw_coordinates,20260738,pair_01,0.24272558003944944,0.0078125,True,256,primary,0.078125,0.0078125
acquisition_only_sharp_null,raw_coordinates,20260738,pair_02,0.25951070196083603,0.0078125,True,256,replication,0.078125,0.0703125
acquisition_only_sharp_null,raw_coordinates,20260738,pair_03,0.30590314240819816,0.0078125,True,256,replication,0.078125,0.0703125
acquisition_only_sharp_null,raw_coordinates,20260738,pair_04,0.17978740282413908,0.0078125,True,256,replication,0.078125,0.0703125
acquisition_only_sharp_null,raw_coordinates,20260738,pair_05,0.25898374545827285,0.0078125,True,256,replication,0.078125,0.0703125
acquisition_only_sharp_null,raw_coordinates,20260738,pair_06,0.289087575622768,0.0078125,True,256,replication,0.078125,0.0703125
acquisition_only_sharp_null,raw_coordinates,20260738,pair_07,0.22598990273086073,0.0078125,True,256,replication,0.078125,0.0703125
acquisition_only_sharp_null,raw_coordinates,20260738,pair_08,0.20838567128571606,0.0078125,True,256,replication,0.078125,0.0703125
acquisition_only_sharp_null,raw_coordinates,20260738,pair_09,0.31870772352343213,0.0078125,True,256,replication,0.078125,0.0703125
acquisition_only_sharp_null,raw_coordinates,20260738,pair_10,0.26517419254580377,0.0078125,True,256,replication,0.078125,0.0703125
acquisition_only_sharp_null,moment_registration,20260738,pair_01,-0.16487332241898467,1.0,False,256,primary,1.0,1.0
acquisition_only_sharp_null,moment_registration,20260738,pair_02,-0.15665441914571843,1.0,False,256,replication,1.0,1.0
acquisition_only_sharp_null,moment_registration,20260738,pair_03,-0.15858549782217968,1.0,False,256,replication,1.0,1.0
acquisition_only_sharp_null,moment_registration,20260738,pair_04,-0.16305117020314353,1.0,False,256,replication,1.0,1.0
acquisition_only_sharp_null,moment_registration,20260738,pair_05,-0.16715776780183855,1.0,False,256,replication,1.0,1.0
acquisition_only_sharp_null,moment_registration,20260738,pair_06,-0.15855536248409063,1.0,False,256,replication,1.0,1.0
acquisition_only_sharp_null,moment_registration,20260738,pair_07,-0.15521104856169265,1.0,False,256,replication,1.0,1.0
acquisition_only_sharp_null,moment_registration,20260738,pair_08,-0.15878873489001621,1.0,False,256,replication,1.0,1.0
acquisition_only_sharp_null,moment_registration,20260738,pair_09,-0.15610222645079663,1.0,False,256,replication,1.0,1.0
acquisition_only_sharp_null,moment_registration,20260738,pair_10,-0.159152296960427,1.0,False,256,replication,1.0,1.0
acquisition_only_sharp_null,euler_secondary,20260738,pair_01,-0.15807774289491416,1.0,False,256,primary,1.0,1.0
acquisition_only_sharp_null,euler_secondary,20260738,pair_02,-0.1329019821421562,1.0,False,256,replication,1.0,1.0
acquisition_only_sharp_null,euler_secondary,20260738,pair_03,-0.17912825050856496,1.0,False,256,replication,1.0,1.0
acquisition_only_sharp_null,euler_secondary,20260738,pair_04,-0.15759196783688645,1.0,False,256,replication,1.0,1.0
acquisition_only_sharp_null,euler_secondary,20260738,pair_05,-0.1505133657918244,1.0,False,256,replication,1.0,1.0
acquisition_only_sharp_null,euler_secondary,20260738,pair_06,-0.15113169542160232,1.0,False,256,replication,1.0,1.0
acquisition_only_sharp_null,euler_secondary,20260738,pair_07,-0.16064275860179678,1.0,False,256,replication,1.0,1.0
acquisition_only_sharp_null,euler_secondary,20260738,pair_08,-0.15668248215242364,1.0,False,256,replication,1.0,1.0
acquisition_only_sharp_null,euler_secondary,20260738,pair_09,-0.15894518364970123,1.0,False,256,replication,1.0,1.0
acquisition_only_sharp_null,euler_secondary,20260738,pair_10,-0.15983216863048788,1.0,False,256,replication,1.0,1.0
acquisition_only_sharp_null,quotient_exact,20260739,pair_01,-0.16658060711384715,1.0,False,256,primary,1.0,1.0
acquisition_only_sharp_null,quotient_exact,20260739,pair_02,-0.16250653909894097,1.0,False,256,replication,1.0,1.0
acquisition_only_sharp_null,quotient_exact,20260739,pair_03,-0.15753964595202552,1.0,False,256,replication,1.0,1.0
acquisition_only_sharp_null,quotient_exact,20260739,pair_04,-0.15924956005548485,1.0,False,256,replication,1.0,1.0
acquisition_only_sharp_null,quotient_exact,20260739,pair_05,-0.16558776703049616,1.0,False,256,replication,1.0,1.0
acquisition_only_sharp_null,quotient_exact,20260739,pair_06,-0.1603041415422216,1.0,False,256,replication,1.0,1.0
acquisition_only_sharp_null,quotient_exact,20260739,pair_07,-0.1569071204059661,1.0,False,256,replication,1.0,1.0
acquisition_only_sharp_null,quotient_exact,20260739,pair_08,-0.1644506148041479,1.0,False,256,replication,1.0,1.0
acquisition_only_sharp_null,quotient_exact,20260739,pair_09,-0.15844496027791866,1.0,False,256,replication,1.0,1.0
acquisition_only_sharp_null,quotient_exact,20260739,pair_10,-0.16065955807289267,1.0,False,256,replication,1.0,1.0
acquisition_only_sharp_null,raw_coordinates,20260739,pair_01,0.22148959647086286,0.0078125,True,256,primary,0.078125,0.0078125
acquisition_only_sharp_null,raw_coordinates,20260739,pair_02,0.23749029640904806,0.0078125,True,256,replication,0.078125,0.0703125
acquisition_only_sharp_null,raw_coordinates,20260739,pair_03,0.3040814938118933,0.0078125,True,256,replication,0.078125,0.0703125
acquisition_only_sharp_null,raw_coordinates,20260739,pair_04,0.20560048466546754,0.0078125,True,256,replication,0.078125,0.0703125
acquisition_only_sharp_null,raw_coordinates,20260739,pair_05,0.2816371645541653,0.0078125,True,256,replication,0.078125,0.0703125
acquisition_only_sharp_null,raw_coordinates,20260739,pair_06,0.28025859098443484,0.0078125,True,256,replication,0.078125,0.0703125
acquisition_only_sharp_null,raw_coordinates,20260739,pair_07,0.22933053303550066,0.0078125,True,256,replication,0.078125,0.0703125
acquisition_only_sharp_null,raw_coordinates,20260739,pair_08,0.28782685427123555,0.0078125,True,256,replication,0.078125,0.0703125
acquisition_only_sharp_null,raw_coordinates,20260739,pair_09,0.30809960908094136,0.0078125,True,256,replication,0.078125,0.0703125
acquisition_only_sharp_null,raw_coordinates,20260739,pair_10,0.21546894829385133,0.0078125,True,256,replication,0.078125,0.0703125
acquisition_only_sharp_null,moment_registration,20260739,pair_01,-0.16487332241898467,1.0,False,256,primary,1.0,1.0
acquisition_only_sharp_null,moment_registration,20260739,pair_02,-0.15665441914571843,1.0,False,256,replication,1.0,1.0
acquisition_only_sharp_null,moment_registration,20260739,pair_03,-0.15858549782217968,1.0,False,256,replication,1.0,1.0
acquisition_only_sharp_null,moment_registration,20260739,pair_04,-0.16305117020314353,1.0,False,256,replication,1.0,1.0
acquisition_only_sharp_null,moment_registration,20260739,pair_05,-0.16715776780183855,1.0,False,256,replication,1.0,1.0
acquisition_only_sharp_null,moment_registration,20260739,pair_06,-0.15855536248409063,1.0,False,256,replication,1.0,1.0
acquisition_only_sharp_null,moment_registration,20260739,pair_07,-0.15521104856169265,1.0,False,256,replication,1.0,1.0
acquisition_only_sharp_null,moment_registration,20260739,pair_08,-0.15878873489001621,1.0,False,256,replication,1.0,1.0
acquisition_only_sharp_null,moment_registration,20260739,pair_09,-0.15610222645079663,1.0,False,256,replication,1.0,1.0
acquisition_only_sharp_null,moment_registration,20260739,pair_10,-0.159152296960427,1.0,False,256,replication,1.0,1.0
acquisition_only_sharp_null,euler_secondary,20260739,pair_01,-0.15807774289491416,1.0,False,256,primary,1.0,1.0
acquisition_only_sharp_null,euler_secondary,20260739,pair_02,-0.1329019821421562,1.0,False,256,replication,1.0,1.0
acquisition_only_sharp_null,euler_secondary,20260739,pair_03,-0.17912825050856496,1.0,False,256,replication,1.0,1.0
acquisition_only_sharp_null,euler_secondary,20260739,pair_04,-0.15759196783688645,1.0,False,256,replication,1.0,1.0
acquisition_only_sharp_null,euler_secondary,20260739,pair_05,-0.1505133657918244,1.0,False,256,replication,1.0,1.0
acquisition_only_sharp_null,euler_secondary,20260739,pair_06,-0.15113169542160232,1.0,False,256,replication,1.0,1.0
acquisition_only_sharp_null,euler_secondary,20260739,pair_07,-0.16064275860179678,1.0,False,256,replication,1.0,1.0
acquisition_only_sharp_null,euler_secondary,20260739,pair_08,-0.15668248215242364,1.0,False,256,replication,1.0,1.0
acquisition_only_sharp_null,euler_secondary,20260739,pair_09,-0.15894518364970123,1.0,False,256,replication,1.0,1.0
acquisition_only_sharp_null,euler_secondary,20260739,pair_10,-0.15983216863048788,1.0,False,256,replication,1.0,1.0
acquisition_only_sharp_null,quotient_exact,20260740,pair_01,-0.16658060711384715,1.0,False,256,primary,1.0,1.0
acquisition_only_sharp_null,quotient_exact,20260740,pair_02,-0.16250653909894097,1.0,False,256,replication,1.0,1.0
acquisition_only_sharp_null,quotient_exact,20260740,pair_03,-0.15753964595202552,1.0,False,256,replication,1.0,1.0
acquisition_only_sharp_null,quotient_exact,20260740,pair_04,-0.15924956005548485,1.0,False,256,replication,1.0,1.0
acquisition_only_sharp_null,quotient_exact,20260740,pair_05,-0.16558776703049616,1.0,False,256,replication,1.0,1.0
acquisition_only_sharp_null,quotient_exact,20260740,pair_06,-0.1603041415422216,1.0,False,256,replication,1.0,1.0
acquisition_only_sharp_null,quotient_exact,20260740,pair_07,-0.1569071204059661,1.0,False,256,replication,1.0,1.0
acquisition_only_sharp_null,quotient_exact,20260740,pair_08,-0.1644506148041479,1.0,False,256,replication,1.0,1.0
acquisition_only_sharp_null,quotient_exact,20260740,pair_09,-0.15844496027791866,1.0,False,256,replication,1.0,1.0
acquisition_only_sharp_null,quotient_exact,20260740,pair_10,-0.16065955807289267,1.0,False,256,replication,1.0,1.0
acquisition_only_sharp_null,raw_coordinates,20260740,pair_01,0.2643160005577594,0.0078125,True,256,primary,0.078125,0.0078125
acquisition_only_sharp_null,raw_coordinates,20260740,pair_02,0.3154521289604797,0.0078125,True,256,replication,0.078125,0.0703125
acquisition_only_sharp_null,raw_coordinates,20260740,pair_03,0.24145889848264945,0.0078125,True,256,replication,0.078125,0.0703125
acquisition_only_sharp_null,raw_coordinates,20260740,pair_04,0.17658342936495108,0.0078125,True,256,replication,0.078125,0.0703125
acquisition_only_sharp_null,raw_coordinates,20260740,pair_05,0.31178276571695884,0.0078125,True,256,replication,0.078125,0.0703125
acquisition_only_sharp_null,raw_coordinates,20260740,pair_06,0.3344565465822418,0.0078125,True,256,replication,0.078125,0.0703125
acquisition_only_sharp_null,raw_coordinates,20260740,pair_07,0.22522590062619874,0.0078125,True,256,replication,0.078125,0.0703125
acquisition_only_sharp_null,raw_coordinates,20260740,pair_08,0.2243159788190352,0.0078125,True,256,replication,0.078125,0.0703125
acquisition_only_sharp_null,raw_coordinates,20260740,pair_09,0.2956347571845367,0.0078125,True,256,replication,0.078125,0.0703125
acquisition_only_sharp_null,raw_coordinates,20260740,pair_10,0.2633405161362793,0.0078125,True,256,replication,0.078125,0.0703125
acquisition_only_sharp_null,moment_registration,20260740,pair_01,-0.16487332241898467,1.0,False,256,primary,1.0,1.0
acquisition_only_sharp_null,moment_registration,20260740,pair_02,-0.15665441914571843,1.0,False,256,replication,1.0,1.0
acquisition_only_sharp_null,moment_registration,20260740,pair_03,-0.15858549782217968,1.0,False,256,replication,1.0,1.0
acquisition_only_sharp_null,moment_registration,20260740,pair_04,-0.16305117020314353,1.0,False,256,replication,1.0,1.0
acquisition_only_sharp_null,moment_registration,20260740,pair_05,-0.16715776780183855,1.0,False,256,replication,1.0,1.0
acquisition_only_sharp_null,moment_registration,20260740,pair_06,-0.15855536248409063,1.0,False,256,replication,1.0,1.0
acquisition_only_sharp_null,moment_registration,20260740,pair_07,-0.15521104856169265,1.0,False,256,replication,1.0,1.0
acquisition_only_sharp_null,moment_registration,20260740,pair_08,-0.15878873489001621,1.0,False,256,replication,1.0,1.0
acquisition_only_sharp_null,moment_registration,20260740,pair_09,-0.15610222645079663,1.0,False,256,replication,1.0,1.0
acquisition_only_sharp_null,moment_registration,20260740,pair_10,-0.159152296960427,1.0,False,256,replication,1.0,1.0
acquisition_only_sharp_null,euler_secondary,20260740,pair_01,-0.15807774289491416,1.0,False,256,primary,1.0,1.0
acquisition_only_sharp_null,euler_secondary,20260740,pair_02,-0.1329019821421562,1.0,False,256,replication,1.0,1.0
acquisition_only_sharp_null,euler_secondary,20260740,pair_03,-0.17912825050856496,1.0,False,256,replication,1.0,1.0
acquisition_only_sharp_null,euler_secondary,20260740,pair_04,-0.15759196783688645,1.0,False,256,replication,1.0,1.0
acquisition_only_sharp_null,euler_secondary,20260740,pair_05,-0.1505133657918244,1.0,False,256,replication,1.0,1.0
acquisition_only_sharp_null,euler_secondary,20260740,pair_06,-0.15113169542160232,1.0,False,256,replication,1.0,1.0
acquisition_only_sharp_null,euler_secondary,20260740,pair_07,-0.16064275860179678,1.0,False,256,replication,1.0,1.0
acquisition_only_sharp_null,euler_secondary,20260740,pair_08,-0.15668248215242364,1.0,False,256,replication,1.0,1.0
acquisition_only_sharp_null,euler_secondary,20260740,pair_09,-0.15894518364970123,1.0,False,256,replication,1.0,1.0
acquisition_only_sharp_null,euler_secondary,20260740,pair_10,-0.15983216863048788,1.0,False,256,replication,1.0,1.0
acquisition_only_sharp_null,quotient_exact,20260741,pair_01,-0.16658060711384715,1.0,False,256,primary,1.0,1.0
acquisition_only_sharp_null,quotient_exact,20260741,pair_02,-0.16250653909894097,1.0,False,256,replication,1.0,1.0
acquisition_only_sharp_null,quotient_exact,20260741,pair_03,-0.15753964595202552,1.0,False,256,replication,1.0,1.0
acquisition_only_sharp_null,quotient_exact,20260741,pair_04,-0.15924956005548485,1.0,False,256,replication,1.0,1.0
acquisition_only_sharp_null,quotient_exact,20260741,pair_05,-0.16558776703049616,1.0,False,256,replication,1.0,1.0
acquisition_only_sharp_null,quotient_exact,20260741,pair_06,-0.1603041415422216,1.0,False,256,replication,1.0,1.0
acquisition_only_sharp_null,quotient_exact,20260741,pair_07,-0.1569071204059661,1.0,False,256,replication,1.0,1.0
acquisition_only_sharp_null,quotient_exact,20260741,pair_08,-0.1644506148041479,1.0,False,256,replication,1.0,1.0
acquisition_only_sharp_null,quotient_exact,20260741,pair_09,-0.15844496027791866,1.0,False,256,replication,1.0,1.0
acquisition_only_sharp_null,quotient_exact,20260741,pair_10,-0.16065955807289267,1.0,False,256,replication,1.0,1.0
acquisition_only_sharp_null,raw_coordinates,20260741,pair_01,0.24102672022633342,0.0078125,True,256,primary,0.078125,0.0078125
acquisition_only_sharp_null,raw_coordinates,20260741,pair_02,0.2799563132580771,0.0078125,True,256,replication,0.078125,0.0703125
acquisition_only_sharp_null,raw_coordinates,20260741,pair_03,0.3064647746127238,0.0078125,True,256,replication,0.078125,0.0703125
acquisition_only_sharp_null,raw_coordinates,20260741,pair_04,0.19540280073961935,0.0078125,True,256,replication,0.078125,0.0703125
acquisition_only_sharp_null,raw_coordinates,20260741,pair_05,0.2581680802468973,0.0078125,True,256,replication,0.078125,0.0703125
acquisition_only_sharp_null,raw_coordinates,20260741,pair_06,0.2909532120592241,0.0078125,True,256,replication,0.078125,0.0703125
acquisition_only_sharp_null,raw_coordinates,20260741,pair_07,0.25936426782727184,0.0078125,True,256,replication,0.078125,0.0703125
acquisition_only_sharp_null,raw_coordinates,20260741,pair_08,0.21698423638851239,0.0078125,True,256,replication,0.078125,0.0703125
acquisition_only_sharp_null,raw_coordinates,20260741,pair_09,0.29521087308752847,0.0078125,True,256,replication,0.078125,0.0703125
acquisition_only_sharp_null,raw_coordinates,20260741,pair_10,0.23410692770285402,0.0078125,True,256,replication,0.078125,0.0703125
acquisition_only_sharp_null,moment_registration,20260741,pair_01,-0.16487332241898467,1.0,False,256,primary,1.0,1.0
acquisition_only_sharp_null,moment_registration,20260741,pair_02,-0.15665441914571843,1.0,False,256,replication,1.0,1.0
acquisition_only_sharp_null,moment_registration,20260741,pair_03,-0.15858549782217968,1.0,False,256,replication,1.0,1.0
acquisition_only_sharp_null,moment_registration,20260741,pair_04,-0.16305117020314353,1.0,False,256,replication,1.0,1.0
acquisition_only_sharp_null,moment_registration,20260741,pair_05,-0.16715776780183855,1.0,False,256,replication,1.0,1.0
acquisition_only_sharp_null,moment_registration,20260741,pair_06,-0.15855536248409063,1.0,False,256,replication,1.0,1.0
acquisition_only_sharp_null,moment_registration,20260741,pair_07,-0.15521104856169265,1.0,False,256,replication,1.0,1.0
acquisition_only_sharp_null,moment_registration,20260741,pair_08,-0.15878873489001621,1.0,False,256,replication,1.0,1.0
acquisition_only_sharp_null,moment_registration,20260741,pair_09,-0.15610222645079663,1.0,False,256,replication,1.0,1.0
acquisition_only_sharp_null,moment_registration,20260741,pair_10,-0.159152296960427,1.0,False,256,replication,1.0,1.0
acquisition_only_sharp_null,euler_secondary,20260741,pair_01,-0.15807774289491416,1.0,False,256,primary,1.0,1.0
acquisition_only_sharp_null,euler_secondary,20260741,pair_02,-0.1329019821421562,1.0,False,256,replication,1.0,1.0
acquisition_only_sharp_null,euler_secondary,20260741,pair_03,-0.17912825050856496,1.0,False,256,replication,1.0,1.0
acquisition_only_sharp_null,euler_secondary,20260741,pair_04,-0.15759196783688645,1.0,False,256,replication,1.0,1.0
acquisition_only_sharp_null,euler_secondary,20260741,pair_05,-0.1505133657918244,1.0,False,256,replication,1.0,1.0
acquisition_only_sharp_null,euler_secondary,20260741,pair_06,-0.15113169542160232,1.0,False,256,replication,1.0,1.0
acquisition_only_sharp_null,euler_secondary,20260741,pair_07,-0.16064275860179678,1.0,False,256,replication,1.0,1.0
acquisition_only_sharp_null,euler_secondary,20260741,pair_08,-0.15668248215242364,1.0,False,256,replication,1.0,1.0
acquisition_only_sharp_null,euler_secondary,20260741,pair_09,-0.15894518364970123,1.0,False,256,replication,1.0,1.0
acquisition_only_sharp_null,euler_secondary,20260741,pair_10,-0.15983216863048788,1.0,False,256,replication,1.0,1.0
acquisition_only_sharp_null,quotient_exact,20260742,pair_01,-0.16658060711384715,1.0,False,256,primary,1.0,1.0
acquisition_only_sharp_null,quotient_exact,20260742,pair_02,-0.16250653909894097,1.0,False,256,replication,1.0,1.0
acquisition_only_sharp_null,quotient_exact,20260742,pair_03,-0.15753964595202552,1.0,False,256,replication,1.0,1.0
acquisition_only_sharp_null,quotient_exact,20260742,pair_04,-0.15924956005548485,1.0,False,256,replication,1.0,1.0
acquisition_only_sharp_null,quotient_exact,20260742,pair_05,-0.16558776703049616,1.0,False,256,replication,1.0,1.0
acquisition_only_sharp_null,quotient_exact,20260742,pair_06,-0.1603041415422216,1.0,False,256,replication,1.0,1.0
acquisition_only_sharp_null,quotient_exact,20260742,pair_07,-0.1569071204059661,1.0,False,256,replication,1.0,1.0
acquisition_only_sharp_null,quotient_exact,20260742,pair_08,-0.1644506148041479,1.0,False,256,replication,1.0,1.0
acquisition_only_sharp_null,quotient_exact,20260742,pair_09,-0.15844496027791866,1.0,False,256,replication,1.0,1.0
acquisition_only_sharp_null,quotient_exact,20260742,pair_10,-0.16065955807289267,1.0,False,256,replication,1.0,1.0
acquisition_only_sharp_null,raw_coordinates,20260742,pair_01,0.2240848981127066,0.0078125,True,256,primary,0.078125,0.0078125
acquisition_only_sharp_null,raw_coordinates,20260742,pair_02,0.2875395430024361,0.0078125,True,256,replication,0.078125,0.0703125
acquisition_only_sharp_null,raw_coordinates,20260742,pair_03,0.24671717770995016,0.0078125,True,256,replication,0.078125,0.0703125
acquisition_only_sharp_null,raw_coordinates,20260742,pair_04,0.18407490530001003,0.0078125,True,256,replication,0.078125,0.0703125
acquisition_only_sharp_null,raw_coordinates,20260742,pair_05,0.2788506082069271,0.0078125,True,256,replication,0.078125,0.0703125
acquisition_only_sharp_null,raw_coordinates,20260742,pair_06,0.2735304388006592,0.0078125,True,256,replication,0.078125,0.0703125
acquisition_only_sharp_null,raw_coordinates,20260742,pair_07,0.22286227141552217,0.0078125,True,256,replication,0.078125,0.0703125
acquisition_only_sharp_null,raw_coordinates,20260742,pair_08,0.23276239392199938,0.0078125,True,256,replication,0.078125,0.0703125
acquisition_only_sharp_null,raw_coordinates,20260742,pair_09,0.2752175767579338,0.0078125,True,256,replication,0.078125,0.0703125
acquisition_only_sharp_null,raw_coordinates,20260742,pair_10,0.23833422082608302,0.0078125,True,256,replication,0.078125,0.0703125
acquisition_only_sharp_null,moment_registration,20260742,pair_01,-0.16487332241898467,1.0,False,256,primary,1.0,1.0
acquisition_only_sharp_null,moment_registration,20260742,pair_02,-0.15665441914571843,1.0,False,256,replication,1.0,1.0
acquisition_only_sharp_null,moment_registration,20260742,pair_03,-0.15858549782217968,1.0,False,256,replication,1.0,1.0
acquisition_only_sharp_null,moment_registration,20260742,pair_04,-0.16305117020314353,1.0,False,256,replication,1.0,1.0
acquisition_only_sharp_null,moment_registration,20260742,pair_05,-0.16715776780183855,1.0,False,256,replication,1.0,1.0
acquisition_only_sharp_null,moment_registration,20260742,pair_06,-0.15855536248409063,1.0,False,256,replication,1.0,1.0
acquisition_only_sharp_null,moment_registration,20260742,pair_07,-0.15521104856169265,1.0,False,256,replication,1.0,1.0
acquisition_only_sharp_null,moment_registration,20260742,pair_08,-0.15878873489001621,1.0,False,256,replication,1.0,1.0
acquisition_only_sharp_null,moment_registration,20260742,pair_09,-0.15610222645079663,1.0,False,256,replication,1.0,1.0
acquisition_only_sharp_null,moment_registration,20260742,pair_10,-0.159152296960427,1.0,False,256,replication,1.0,1.0
acquisition_only_sharp_null,euler_secondary,20260742,pair_01,-0.15807774289491416,1.0,False,256,primary,1.0,1.0
acquisition_only_sharp_null,euler_secondary,20260742,pair_02,-0.1329019821421562,1.0,False,256,replication,1.0,1.0
acquisition_only_sharp_null,euler_secondary,20260742,pair_03,-0.17912825050856496,1.0,False,256,replication,1.0,1.0
acquisition_only_sharp_null,euler_secondary,20260742,pair_04,-0.15759196783688645,1.0,False,256,replication,1.0,1.0
acquisition_only_sharp_null,euler_secondary,20260742,pair_05,-0.1505133657918244,1.0,False,256,replication,1.0,1.0
acquisition_only_sharp_null,euler_secondary,20260742,pair_06,-0.15113169542160232,1.0,False,256,replication,1.0,1.0
acquisition_only_sharp_null,euler_secondary,20260742,pair_07,-0.16064275860179678,1.0,False,256,replication,1.0,1.0
acquisition_only_sharp_null,euler_secondary,20260742,pair_08,-0.15668248215242364,1.0,False,256,replication,1.0,1.0
acquisition_only_sharp_null,euler_secondary,20260742,pair_09,-0.15894518364970123,1.0,False,256,replication,1.0,1.0
acquisition_only_sharp_null,euler_secondary,20260742,pair_10,-0.15983216863048788,1.0,False,256,replication,1.0,1.0
acquisition_only_sharp_null,quotient_exact,20260743,pair_01,-0.16658060711384715,1.0,False,256,primary,1.0,1.0
acquisition_only_sharp_null,quotient_exact,20260743,pair_02,-0.16250653909894097,1.0,False,256,replication,1.0,1.0
acquisition_only_sharp_null,quotient_exact,20260743,pair_03,-0.15753964595202552,1.0,False,256,replication,1.0,1.0
acquisition_only_sharp_null,quotient_exact,20260743,pair_04,-0.15924956005548485,1.0,False,256,replication,1.0,1.0
acquisition_only_sharp_null,quotient_exact,20260743,pair_05,-0.16558776703049616,1.0,False,256,replication,1.0,1.0
acquisition_only_sharp_null,quotient_exact,20260743,pair_06,-0.1603041415422216,1.0,False,256,replication,1.0,1.0
acquisition_only_sharp_null,quotient_exact,20260743,pair_07,-0.1569071204059661,1.0,False,256,replication,1.0,1.0
acquisition_only_sharp_null,quotient_exact,20260743,pair_08,-0.1644506148041479,1.0,False,256,replication,1.0,1.0
acquisition_only_sharp_null,quotient_exact,20260743,pair_09,-0.15844496027791866,1.0,False,256,replication,1.0,1.0
acquisition_only_sharp_null,quotient_exact,20260743,pair_10,-0.16065955807289267,1.0,False,256,replication,1.0,1.0
acquisition_only_sharp_null,raw_coordinates,20260743,pair_01,0.24364544749336037,0.0078125,True,256,primary,0.078125,0.0078125
acquisition_only_sharp_null,raw_coordinates,20260743,pair_02,0.26091537061932,0.0078125,True,256,replication,0.078125,0.0703125
acquisition_only_sharp_null,raw_coordinates,20260743,pair_03,0.24783759324490973,0.0078125,True,256,replication,0.078125,0.0703125
acquisition_only_sharp_null,raw_coordinates,20260743,pair_04,0.193230980247168,0.0078125,True,256,replication,0.078125,0.0703125
acquisition_only_sharp_null,raw_coordinates,20260743,pair_05,0.2723894949697512,0.0078125,True,256,replication,0.078125,0.0703125
acquisition_only_sharp_null,raw_coordinates,20260743,pair_06,0.2836031865474501,0.0078125,True,256,replication,0.078125,0.0703125
acquisition_only_sharp_null,raw_coordinates,20260743,pair_07,0.27242703309406546,0.0078125,True,256,replication,0.078125,0.0703125
acquisition_only_sharp_null,raw_coordinates,20260743,pair_08,0.23623352468996162,0.0078125,True,256,replication,0.078125,0.0703125
acquisition_only_sharp_null,raw_coordinates,20260743,pair_09,0.27992034983692793,0.0078125,True,256,replication,0.078125,0.0703125
acquisition_only_sharp_null,raw_coordinates,20260743,pair_10,0.22197305461606875,0.0078125,True,256,replication,0.078125,0.0703125
acquisition_only_sharp_null,moment_registration,20260743,pair_01,-0.16487332241898467,1.0,False,256,primary,1.0,1.0
acquisition_only_sharp_null,moment_registration,20260743,pair_02,-0.15665441914571843,1.0,False,256,replication,1.0,1.0
acquisition_only_sharp_null,moment_registration,20260743,pair_03,-0.15858549782217968,1.0,False,256,replication,1.0,1.0
acquisition_only_sharp_null,moment_registration,20260743,pair_04,-0.16305117020314353,1.0,False,256,replication,1.0,1.0
acquisition_only_sharp_null,moment_registration,20260743,pair_05,-0.16715776780183855,1.0,False,256,replication,1.0,1.0
acquisition_only_sharp_null,moment_registration,20260743,pair_06,-0.15855536248409063,1.0,False,256,replication,1.0,1.0
acquisition_only_sharp_null,moment_registration,20260743,pair_07,-0.15521104856169265,1.0,False,256,replication,1.0,1.0
acquisition_only_sharp_null,moment_registration,20260743,pair_08,-0.15878873489001621,1.0,False,256,replication,1.0,1.0
acquisition_only_sharp_null,moment_registration,20260743,pair_09,-0.15610222645079663,1.0,False,256,replication,1.0,1.0
acquisition_only_sharp_null,moment_registration,20260743,pair_10,-0.159152296960427,1.0,False,256,replication,1.0,1.0
acquisition_only_sharp_null,euler_secondary,20260743,pair_01,-0.15807774289491416,1.0,False,256,primary,1.0,1.0
acquisition_only_sharp_null,euler_secondary,20260743,pair_02,-0.1329019821421562,1.0,False,256,replication,1.0,1.0
acquisition_only_sharp_null,euler_secondary,20260743,pair_03,-0.17912825050856496,1.0,False,256,replication,1.0,1.0
acquisition_only_sharp_null,euler_secondary,20260743,pair_04,-0.15759196783688645,1.0,False,256,replication,1.0,1.0
acquisition_only_sharp_null,euler_secondary,20260743,pair_05,-0.1505133657918244,1.0,False,256,replication,1.0,1.0
acquisition_only_sharp_null,euler_secondary,20260743,pair_06,-0.15113169542160232,1.0,False,256,replication,1.0,1.0
acquisition_only_sharp_null,euler_secondary,20260743,pair_07,-0.16064275860179678,1.0,False,256,replication,1.0,1.0
acquisition_only_sharp_null,euler_secondary,20260743,pair_08,-0.15668248215242364,1.0,False,256,replication,1.0,1.0
acquisition_only_sharp_null,euler_secondary,20260743,pair_09,-0.15894518364970123,1.0,False,256,replication,1.0,1.0
acquisition_only_sharp_null,euler_secondary,20260743,pair_10,-0.15983216863048788,1.0,False,256,replication,1.0,1.0
acquisition_only_sharp_null,quotient_exact,20260744,pair_01,-0.16658060711384715,1.0,False,256,primary,1.0,1.0
acquisition_only_sharp_null,quotient_exact,20260744,pair_02,-0.16250653909894097,1.0,False,256,replication,1.0,1.0
acquisition_only_sharp_null,quotient_exact,20260744,pair_03,-0.15753964595202552,1.0,False,256,replication,1.0,1.0
acquisition_only_sharp_null,quotient_exact,20260744,pair_04,-0.15924956005548485,1.0,False,256,replication,1.0,1.0
acquisition_only_sharp_null,quotient_exact,20260744,pair_05,-0.16558776703049616,1.0,False,256,replication,1.0,1.0
acquisition_only_sharp_null,quotient_exact,20260744,pair_06,-0.1603041415422216,1.0,False,256,replication,1.0,1.0
acquisition_only_sharp_null,quotient_exact,20260744,pair_07,-0.1569071204059661,1.0,False,256,replication,1.0,1.0
acquisition_only_sharp_null,quotient_exact,20260744,pair_08,-0.1644506148041479,1.0,False,256,replication,1.0,1.0
acquisition_only_sharp_null,quotient_exact,20260744,pair_09,-0.15844496027791866,1.0,False,256,replication,1.0,1.0
acquisition_only_sharp_null,quotient_exact,20260744,pair_10,-0.16065955807289267,1.0,False,256,replication,1.0,1.0
acquisition_only_sharp_null,raw_coordinates,20260744,pair_01,0.2037548643858349,0.0078125,True,256,primary,0.078125,0.0078125
acquisition_only_sharp_null,raw_coordinates,20260744,pair_02,0.2725267654231095,0.0078125,True,256,replication,0.078125,0.0703125
acquisition_only_sharp_null,raw_coordinates,20260744,pair_03,0.29178378197430066,0.0078125,True,256,replication,0.078125,0.0703125
acquisition_only_sharp_null,raw_coordinates,20260744,pair_04,0.18922017881622943,0.0078125,True,256,replication,0.078125,0.0703125
acquisition_only_sharp_null,raw_coordinates,20260744,pair_05,0.3074609393413188,0.0078125,True,256,replication,0.078125,0.0703125
acquisition_only_sharp_null,raw_coordinates,20260744,pair_06,0.2894701120843114,0.0078125,True,256,replication,0.078125,0.0703125
acquisition_only_sharp_null,raw_coordinates,20260744,pair_07,0.22521060817412053,0.0078125,True,256,replication,0.078125,0.0703125
acquisition_only_sharp_null,raw_coordinates,20260744,pair_08,0.2295934896180689,0.0078125,True,256,replication,0.078125,0.0703125
acquisition_only_sharp_null,raw_coordinates,20260744,pair_09,0.29814262531805313,0.0078125,True,256,replication,0.078125,0.0703125
acquisition_only_sharp_null,raw_coordinates,20260744,pair_10,0.2626070888006373,0.0078125,True,256,replication,0.078125,0.0703125
acquisition_only_sharp_null,moment_registration,20260744,pair_01,-0.16487332241898467,1.0,False,256,primary,1.0,1.0
acquisition_only_sharp_null,moment_registration,20260744,pair_02,-0.15665441914571843,1.0,False,256,replication,1.0,1.0
acquisition_only_sharp_null,moment_registration,20260744,pair_03,-0.15858549782217968,1.0,False,256,replication,1.0,1.0
acquisition_only_sharp_null,moment_registration,20260744,pair_04,-0.16305117020314353,1.0,False,256,replication,1.0,1.0
acquisition_only_sharp_null,moment_registration,20260744,pair_05,-0.16715776780183855,1.0,False,256,replication,1.0,1.0
acquisition_only_sharp_null,moment_registration,20260744,pair_06,-0.15855536248409063,1.0,False,256,replication,1.0,1.0
acquisition_only_sharp_null,moment_registration,20260744,pair_07,-0.15521104856169265,1.0,False,256,replication,1.0,1.0
acquisition_only_sharp_null,moment_registration,20260744,pair_08,-0.15878873489001621,1.0,False,256,replication,1.0,1.0
acquisition_only_sharp_null,moment_registration,20260744,pair_09,-0.15610222645079663,1.0,False,256,replication,1.0,1.0
acquisition_only_sharp_null,moment_registration,20260744,pair_10,-0.159152296960427,1.0,False,256,replication,1.0,1.0
acquisition_only_sharp_null,euler_secondary,20260744,pair_01,-0.15807774289491416,1.0,False,256,primary,1.0,1.0
acquisition_only_sharp_null,euler_secondary,20260744,pair_02,-0.1329019821421562,1.0,False,256,replication,1.0,1.0
acquisition_only_sharp_null,euler_secondary,20260744,pair_03,-0.17912825050856496,1.0,False,256,replication,1.0,1.0
acquisition_only_sharp_null,euler_secondary,20260744,pair_04,-0.15759196783688645,1.0,False,256,replication,1.0,1.0
acquisition_only_sharp_null,euler_secondary,20260744,pair_05,-0.1505133657918244,1.0,False,256,replication,1.0,1.0
acquisition_only_sharp_null,euler_secondary,20260744,pair_06,-0.15113169542160232,1.0,False,256,replication,1.0,1.0
acquisition_only_sharp_null,euler_secondary,20260744,pair_07,-0.16064275860179678,1.0,False,256,replication,1.0,1.0
acquisition_only_sharp_null,euler_secondary,20260744,pair_08,-0.15668248215242364,1.0,False,256,replication,1.0,1.0
acquisition_only_sharp_null,euler_secondary,20260744,pair_09,-0.15894518364970123,1.0,False,256,replication,1.0,1.0
acquisition_only_sharp_null,euler_secondary,20260744,pair_10,-0.15983216863048788,1.0,False,256,replication,1.0,1.0
acquisition_only_sharp_null,quotient_exact,20260745,pair_01,-0.16658060711384715,1.0,False,256,primary,1.0,1.0
acquisition_only_sharp_null,quotient_exact,20260745,pair_02,-0.16250653909894097,1.0,False,256,replication,1.0,1.0
acquisition_only_sharp_null,quotient_exact,20260745,pair_03,-0.15753964595202552,1.0,False,256,replication,1.0,1.0
acquisition_only_sharp_null,quotient_exact,20260745,pair_04,-0.15924956005548485,1.0,False,256,replication,1.0,1.0
acquisition_only_sharp_null,quotient_exact,20260745,pair_05,-0.16558776703049616,1.0,False,256,replication,1.0,1.0
acquisition_only_sharp_null,quotient_exact,20260745,pair_06,-0.1603041415422216,1.0,False,256,replication,1.0,1.0
acquisition_only_sharp_null,quotient_exact,20260745,pair_07,-0.1569071204059661,1.0,False,256,replication,1.0,1.0
acquisition_only_sharp_null,quotient_exact,20260745,pair_08,-0.1644506148041479,1.0,False,256,replication,1.0,1.0
acquisition_only_sharp_null,quotient_exact,20260745,pair_09,-0.15844496027791866,1.0,False,256,replication,1.0,1.0
acquisition_only_sharp_null,quotient_exact,20260745,pair_10,-0.16065955807289267,1.0,False,256,replication,1.0,1.0
acquisition_only_sharp_null,raw_coordinates,20260745,pair_01,0.2746490370036704,0.0078125,True,256,primary,0.078125,0.0078125
acquisition_only_sharp_null,raw_coordinates,20260745,pair_02,0.31386289928743005,0.0078125,True,256,replication,0.078125,0.0703125
acquisition_only_sharp_null,raw_coordinates,20260745,pair_03,0.29874054070676737,0.0078125,True,256,replication,0.078125,0.0703125
acquisition_only_sharp_null,raw_coordinates,20260745,pair_04,0.20939018952205135,0.0078125,True,256,replication,0.078125,0.0703125
acquisition_only_sharp_null,raw_coordinates,20260745,pair_05,0.29137982659521533,0.0078125,True,256,replication,0.078125,0.0703125
acquisition_only_sharp_null,raw_coordinates,20260745,pair_06,0.29087370753913977,0.0078125,True,256,replication,0.078125,0.0703125
acquisition_only_sharp_null,raw_coordinates,20260745,pair_07,0.24542209803130355,0.0078125,True,256,replication,0.078125,0.0703125
acquisition_only_sharp_null,raw_coordinates,20260745,pair_08,0.22581022317554822,0.0078125,True,256,replication,0.078125,0.0703125
acquisition_only_sharp_null,raw_coordinates,20260745,pair_09,0.296966179512297,0.0078125,True,256,replication,0.078125,0.0703125
acquisition_only_sharp_null,raw_coordinates,20260745,pair_10,0.25242494245339353,0.0078125,True,256,replication,0.078125,0.0703125
acquisition_only_sharp_null,moment_registration,20260745,pair_01,-0.16487332241898467,1.0,False,256,primary,1.0,1.0
acquisition_only_sharp_null,moment_registration,20260745,pair_02,-0.15665441914571843,1.0,False,256,replication,1.0,1.0
acquisition_only_sharp_null,moment_registration,20260745,pair_03,-0.15858549782217968,1.0,False,256,replication,1.0,1.0
acquisition_only_sharp_null,moment_registration,20260745,pair_04,-0.16305117020314353,1.0,False,256,replication,1.0,1.0
acquisition_only_sharp_null,moment_registration,20260745,pair_05,-0.16715776780183855,1.0,False,256,replication,1.0,1.0
acquisition_only_sharp_null,moment_registration,20260745,pair_06,-0.15855536248409063,1.0,False,256,replication,1.0,1.0
acquisition_only_sharp_null,moment_registration,20260745,pair_07,-0.15521104856169265,1.0,False,256,replication,1.0,1.0
acquisition_only_sharp_null,moment_registration,20260745,pair_08,-0.15878873489001621,1.0,False,256,replication,1.0,1.0
acquisition_only_sharp_null,moment_registration,20260745,pair_09,-0.15610222645079663,1.0,False,256,replication,1.0,1.0
acquisition_only_sharp_null,moment_registration,20260745,pair_10,-0.159152296960427,1.0,False,256,replication,1.0,1.0
acquisition_only_sharp_null,euler_secondary,20260745,pair_01,-0.15807774289491416,1.0,False,256,primary,1.0,1.0
acquisition_only_sharp_null,euler_secondary,20260745,pair_02,-0.1329019821421562,1.0,False,256,replication,1.0,1.0
acquisition_only_sharp_null,euler_secondary,20260745,pair_03,-0.17912825050856496,1.0,False,256,replication,1.0,1.0
acquisition_only_sharp_null,euler_secondary,20260745,pair_04,-0.15759196783688645,1.0,False,256,replication,1.0,1.0
acquisition_only_sharp_null,euler_secondary,20260745,pair_05,-0.1505133657918244,1.0,False,256,replication,1.0,1.0
acquisition_only_sharp_null,euler_secondary,20260745,pair_06,-0.15113169542160232,1.0,False,256,replication,1.0,1.0
acquisition_only_sharp_null,euler_secondary,20260745,pair_07,-0.16064275860179678,1.0,False,256,replication,1.0,1.0
acquisition_only_sharp_null,euler_secondary,20260745,pair_08,-0.15668248215242364,1.0,False,256,replication,1.0,1.0
acquisition_only_sharp_null,euler_secondary,20260745,pair_09,-0.15894518364970123,1.0,False,256,replication,1.0,1.0
acquisition_only_sharp_null,euler_secondary,20260745,pair_10,-0.15983216863048788,1.0,False,256,replication,1.0,1.0
acquisition_only_sharp_null,quotient_exact,20260746,pair_01,-0.16658060711384715,1.0,False,256,primary,1.0,1.0
acquisition_only_sharp_null,quotient_exact,20260746,pair_02,-0.16250653909894097,1.0,False,256,replication,1.0,1.0
acquisition_only_sharp_null,quotient_exact,20260746,pair_03,-0.15753964595202552,1.0,False,256,replication,1.0,1.0
acquisition_only_sharp_null,quotient_exact,20260746,pair_04,-0.15924956005548485,1.0,False,256,replication,1.0,1.0
acquisition_only_sharp_null,quotient_exact,20260746,pair_05,-0.16558776703049616,1.0,False,256,replication,1.0,1.0
acquisition_only_sharp_null,quotient_exact,20260746,pair_06,-0.1603041415422216,1.0,False,256,replication,1.0,1.0
acquisition_only_sharp_null,quotient_exact,20260746,pair_07,-0.1569071204059661,1.0,False,256,replication,1.0,1.0
acquisition_only_sharp_null,quotient_exact,20260746,pair_08,-0.1644506148041479,1.0,False,256,replication,1.0,1.0
acquisition_only_sharp_null,quotient_exact,20260746,pair_09,-0.15844496027791866,1.0,False,256,replication,1.0,1.0
acquisition_only_sharp_null,quotient_exact,20260746,pair_10,-0.16065955807289267,1.0,False,256,replication,1.0,1.0
acquisition_only_sharp_null,raw_coordinates,20260746,pair_01,0.2349703914223078,0.0078125,True,256,primary,0.078125,0.0078125
acquisition_only_sharp_null,raw_coordinates,20260746,pair_02,0.3004078613729918,0.0078125,True,256,replication,0.078125,0.0703125
acquisition_only_sharp_null,raw_coordinates,20260746,pair_03,0.23915487615448883,0.0078125,True,256,replication,0.078125,0.0703125
acquisition_only_sharp_null,raw_coordinates,20260746,pair_04,0.16983560970634692,0.0078125,True,256,replication,0.078125,0.0703125
acquisition_only_sharp_null,raw_coordinates,20260746,pair_05,0.2754219679301,0.0078125,True,256,replication,0.078125,0.0703125
acquisition_only_sharp_null,raw_coordinates,20260746,pair_06,0.28758063197319506,0.0078125,True,256,replication,0.078125,0.0703125
acquisition_only_sharp_null,raw_coordinates,20260746,pair_07,0.2240890018824444,0.0078125,True,256,replication,0.078125,0.0703125
acquisition_only_sharp_null,raw_coordinates,20260746,pair_08,0.24466746296029707,0.0078125,True,256,replication,0.078125,0.0703125
acquisition_only_sharp_null,raw_coordinates,20260746,pair_09,0.326590284944848,0.0078125,True,256,replication,0.078125,0.0703125
acquisition_only_sharp_null,raw_coordinates,20260746,pair_10,0.2332992460712261,0.0078125,True,256,replication,0.078125,0.0703125
acquisition_only_sharp_null,moment_registration,20260746,pair_01,-0.16487332241898467,1.0,False,256,primary,1.0,1.0
acquisition_only_sharp_null,moment_registration,20260746,pair_02,-0.15665441914571843,1.0,False,256,replication,1.0,1.0
acquisition_only_sharp_null,moment_registration,20260746,pair_03,-0.15858549782217968,1.0,False,256,replication,1.0,1.0
acquisition_only_sharp_null,moment_registration,20260746,pair_04,-0.16305117020314353,1.0,False,256,replication,1.0,1.0
acquisition_only_sharp_null,moment_registration,20260746,pair_05,-0.16715776780183855,1.0,False,256,replication,1.0,1.0
acquisition_only_sharp_null,moment_registration,20260746,pair_06,-0.15855536248409063,1.0,False,256,replication,1.0,1.0
acquisition_only_sharp_null,moment_registration,20260746,pair_07,-0.15521104856169265,1.0,False,256,replication,1.0,1.0
acquisition_only_sharp_null,moment_registration,20260746,pair_08,-0.15878873489001621,1.0,False,256,replication,1.0,1.0
acquisition_only_sharp_null,moment_registration,20260746,pair_09,-0.15610222645079663,1.0,False,256,replication,1.0,1.0
acquisition_only_sharp_null,moment_registration,20260746,pair_10,-0.159152296960427,1.0,False,256,replication,1.0,1.0
acquisition_only_sharp_null,euler_secondary,20260746,pair_01,-0.15807774289491416,1.0,False,256,primary,1.0,1.0
acquisition_only_sharp_null,euler_secondary,20260746,pair_02,-0.1329019821421562,1.0,False,256,replication,1.0,1.0
acquisition_only_sharp_null,euler_secondary,20260746,pair_03,-0.17912825050856496,1.0,False,256,replication,1.0,1.0
acquisition_only_sharp_null,euler_secondary,20260746,pair_04,-0.15759196783688645,1.0,False,256,replication,1.0,1.0
acquisition_only_sharp_null,euler_secondary,20260746,pair_05,-0.1505133657918244,1.0,False,256,replication,1.0,1.0
acquisition_only_sharp_null,euler_secondary,20260746,pair_06,-0.15113169542160232,1.0,False,256,replication,1.0,1.0
acquisition_only_sharp_null,euler_secondary,20260746,pair_07,-0.16064275860179678,1.0,False,256,replication,1.0,1.0
acquisition_only_sharp_null,euler_secondary,20260746,pair_08,-0.15668248215242364,1.0,False,256,replication,1.0,1.0
acquisition_only_sharp_null,euler_secondary,20260746,pair_09,-0.15894518364970123,1.0,False,256,replication,1.0,1.0
acquisition_only_sharp_null,euler_secondary,20260746,pair_10,-0.15983216863048788,1.0,False,256,replication,1.0,1.0
acquisition_only_sharp_null,quotient_exact,20260747,pair_01,-0.16658060711384715,1.0,False,256,primary,1.0,1.0
acquisition_only_sharp_null,quotient_exact,20260747,pair_02,-0.16250653909894097,1.0,False,256,replication,1.0,1.0
acquisition_only_sharp_null,quotient_exact,20260747,pair_03,-0.15753964595202552,1.0,False,256,replication,1.0,1.0
acquisition_only_sharp_null,quotient_exact,20260747,pair_04,-0.15924956005548485,1.0,False,256,replication,1.0,1.0
acquisition_only_sharp_null,quotient_exact,20260747,pair_05,-0.16558776703049616,1.0,False,256,replication,1.0,1.0
acquisition_only_sharp_null,quotient_exact,20260747,pair_06,-0.1603041415422216,1.0,False,256,replication,1.0,1.0
acquisition_only_sharp_null,quotient_exact,20260747,pair_07,-0.1569071204059661,1.0,False,256,replication,1.0,1.0
acquisition_only_sharp_null,quotient_exact,20260747,pair_08,-0.1644506148041479,1.0,False,256,replication,1.0,1.0
acquisition_only_sharp_null,quotient_exact,20260747,pair_09,-0.15844496027791866,1.0,False,256,replication,1.0,1.0
acquisition_only_sharp_null,quotient_exact,20260747,pair_10,-0.16065955807289267,1.0,False,256,replication,1.0,1.0
acquisition_only_sharp_null,raw_coordinates,20260747,pair_01,0.2558956768608541,0.0078125,True,256,primary,0.078125,0.0078125
acquisition_only_sharp_null,raw_coordinates,20260747,pair_02,0.25040568811276254,0.0078125,True,256,replication,0.078125,0.0703125
acquisition_only_sharp_null,raw_coordinates,20260747,pair_03,0.23952806595347864,0.0078125,True,256,replication,0.078125,0.0703125
acquisition_only_sharp_null,raw_coordinates,20260747,pair_04,0.24329847966378726,0.0078125,True,256,replication,0.078125,0.0703125
acquisition_only_sharp_null,raw_coordinates,20260747,pair_05,0.2717870472865833,0.0078125,True,256,replication,0.078125,0.0703125
acquisition_only_sharp_null,raw_coordinates,20260747,pair_06,0.27555717491208154,0.0078125,True,256,replication,0.078125,0.0703125
acquisition_only_sharp_null,raw_coordinates,20260747,pair_07,0.2686601442032157,0.0078125,True,256,replication,0.078125,0.0703125
acquisition_only_sharp_null,raw_coordinates,20260747,pair_08,0.2274795099247683,0.0078125,True,256,replication,0.078125,0.0703125
acquisition_only_sharp_null,raw_coordinates,20260747,pair_09,0.28199007356715466,0.0078125,True,256,replication,0.078125,0.0703125
acquisition_only_sharp_null,raw_coordinates,20260747,pair_10,0.2326191179012136,0.0078125,True,256,replication,0.078125,0.0703125
acquisition_only_sharp_null,moment_registration,20260747,pair_01,-0.16487332241898467,1.0,False,256,primary,1.0,1.0
acquisition_only_sharp_null,moment_registration,20260747,pair_02,-0.15665441914571843,1.0,False,256,replication,1.0,1.0
acquisition_only_sharp_null,moment_registration,20260747,pair_03,-0.15858549782217968,1.0,False,256,replication,1.0,1.0
acquisition_only_sharp_null,moment_registration,20260747,pair_04,-0.16305117020314353,1.0,False,256,replication,1.0,1.0
acquisition_only_sharp_null,moment_registration,20260747,pair_05,-0.16715776780183855,1.0,False,256,replication,1.0,1.0
acquisition_only_sharp_null,moment_registration,20260747,pair_06,-0.15855536248409063,1.0,False,256,replication,1.0,1.0
acquisition_only_sharp_null,moment_registration,20260747,pair_07,-0.15521104856169265,1.0,False,256,replication,1.0,1.0
acquisition_only_sharp_null,moment_registration,20260747,pair_08,-0.15878873489001621,1.0,False,256,replication,1.0,1.0
acquisition_only_sharp_null,moment_registration,20260747,pair_09,-0.15610222645079663,1.0,False,256,replication,1.0,1.0
acquisition_only_sharp_null,moment_registration,20260747,pair_10,-0.159152296960427,1.0,False,256,replication,1.0,1.0
acquisition_only_sharp_null,euler_secondary,20260747,pair_01,-0.15807774289491416,1.0,False,256,primary,1.0,1.0
acquisition_only_sharp_null,euler_secondary,20260747,pair_02,-0.1329019821421562,1.0,False,256,replication,1.0,1.0
acquisition_only_sharp_null,euler_secondary,20260747,pair_03,-0.17912825050856496,1.0,False,256,replication,1.0,1.0
acquisition_only_sharp_null,euler_secondary,20260747,pair_04,-0.15759196783688645,1.0,False,256,replication,1.0,1.0
acquisition_only_sharp_null,euler_secondary,20260747,pair_05,-0.1505133657918244,1.0,False,256,replication,1.0,1.0
acquisition_only_sharp_null,euler_secondary,20260747,pair_06,-0.15113169542160232,1.0,False,256,replication,1.0,1.0
acquisition_only_sharp_null,euler_secondary,20260747,pair_07,-0.16064275860179678,1.0,False,256,replication,1.0,1.0
acquisition_only_sharp_null,euler_secondary,20260747,pair_08,-0.15668248215242364,1.0,False,256,replication,1.0,1.0
acquisition_only_sharp_null,euler_secondary,20260747,pair_09,-0.15894518364970123,1.0,False,256,replication,1.0,1.0
acquisition_only_sharp_null,euler_secondary,20260747,pair_10,-0.15983216863048788,1.0,False,256,replication,1.0,1.0
acquisition_only_sharp_null,quotient_exact,20260748,pair_01,-0.16658060711384715,1.0,False,256,primary,1.0,1.0
acquisition_only_sharp_null,quotient_exact,20260748,pair_02,-0.16250653909894097,1.0,False,256,replication,1.0,1.0
acquisition_only_sharp_null,quotient_exact,20260748,pair_03,-0.15753964595202552,1.0,False,256,replication,1.0,1.0
acquisition_only_sharp_null,quotient_exact,20260748,pair_04,-0.15924956005548485,1.0,False,256,replication,1.0,1.0
acquisition_only_sharp_null,quotient_exact,20260748,pair_05,-0.16558776703049616,1.0,False,256,replication,1.0,1.0
acquisition_only_sharp_null,quotient_exact,20260748,pair_06,-0.1603041415422216,1.0,False,256,replication,1.0,1.0
acquisition_only_sharp_null,quotient_exact,20260748,pair_07,-0.1569071204059661,1.0,False,256,replication,1.0,1.0
acquisition_only_sharp_null,quotient_exact,20260748,pair_08,-0.1644506148041479,1.0,False,256,replication,1.0,1.0
acquisition_only_sharp_null,quotient_exact,20260748,pair_09,-0.15844496027791866,1.0,False,256,replication,1.0,1.0
acquisition_only_sharp_null,quotient_exact,20260748,pair_10,-0.16065955807289267,1.0,False,256,replication,1.0,1.0
acquisition_only_sharp_null,raw_coordinates,20260748,pair_01,0.245893709627111,0.0078125,True,256,primary,0.078125,0.0078125
acquisition_only_sharp_null,raw_coordinates,20260748,pair_02,0.24712326539023732,0.0078125,True,256,replication,0.078125,0.0703125
acquisition_only_sharp_null,raw_coordinates,20260748,pair_03,0.2852420555080578,0.0078125,True,256,replication,0.078125,0.0703125
acquisition_only_sharp_null,raw_coordinates,20260748,pair_04,0.22676707861124257,0.0078125,True,256,replication,0.078125,0.0703125
acquisition_only_sharp_null,raw_coordinates,20260748,pair_05,0.2915463563896433,0.0078125,True,256,replication,0.078125,0.0703125
acquisition_only_sharp_null,raw_coordinates,20260748,pair_06,0.27366605262789845,0.0078125,True,256,replication,0.078125,0.0703125
acquisition_only_sharp_null,raw_coordinates,20260748,pair_07,0.2769477025419047,0.0078125,True,256,replication,0.078125,0.0703125
acquisition_only_sharp_null,raw_coordinates,20260748,pair_08,0.24682315770153984,0.0078125,True,256,replication,0.078125,0.0703125
acquisition_only_sharp_null,raw_coordinates,20260748,pair_09,0.334974297726623,0.0078125,True,256,replication,0.078125,0.0703125
acquisition_only_sharp_null,raw_coordinates,20260748,pair_10,0.2622105099668365,0.0078125,True,256,replication,0.078125,0.0703125
acquisition_only_sharp_null,moment_registration,20260748,pair_01,-0.16487332241898467,1.0,False,256,primary,1.0,1.0
acquisition_only_sharp_null,moment_registration,20260748,pair_02,-0.15665441914571843,1.0,False,256,replication,1.0,1.0
acquisition_only_sharp_null,moment_registration,20260748,pair_03,-0.15858549782217968,1.0,False,256,replication,1.0,1.0
acquisition_only_sharp_null,moment_registration,20260748,pair_04,-0.16305117020314353,1.0,False,256,replication,1.0,1.0
acquisition_only_sharp_null,moment_registration,20260748,pair_05,-0.16715776780183855,1.0,False,256,replication,1.0,1.0
acquisition_only_sharp_null,moment_registration,20260748,pair_06,-0.15855536248409063,1.0,False,256,replication,1.0,1.0
acquisition_only_sharp_null,moment_registration,20260748,pair_07,-0.15521104856169265,1.0,False,256,replication,1.0,1.0
acquisition_only_sharp_null,moment_registration,20260748,pair_08,-0.15878873489001621,1.0,False,256,replication,1.0,1.0
acquisition_only_sharp_null,moment_registration,20260748,pair_09,-0.15610222645079663,1.0,False,256,replication,1.0,1.0
acquisition_only_sharp_null,moment_registration,20260748,pair_10,-0.159152296960427,1.0,False,256,replication,1.0,1.0
acquisition_only_sharp_null,euler_secondary,20260748,pair_01,-0.15807774289491416,1.0,False,256,primary,1.0,1.0
acquisition_only_sharp_null,euler_secondary,20260748,pair_02,-0.1329019821421562,1.0,False,256,replication,1.0,1.0
acquisition_only_sharp_null,euler_secondary,20260748,pair_03,-0.17912825050856496,1.0,False,256,replication,1.0,1.0
acquisition_only_sharp_null,euler_secondary,20260748,pair_04,-0.15759196783688645,1.0,False,256,replication,1.0,1.0
acquisition_only_sharp_null,euler_secondary,20260748,pair_05,-0.1505133657918244,1.0,False,256,replication,1.0,1.0
acquisition_only_sharp_null,euler_secondary,20260748,pair_06,-0.15113169542160232,1.0,False,256,replication,1.0,1.0
acquisition_only_sharp_null,euler_secondary,20260748,pair_07,-0.16064275860179678,1.0,False,256,replication,1.0,1.0
acquisition_only_sharp_null,euler_secondary,20260748,pair_08,-0.15668248215242364,1.0,False,256,replication,1.0,1.0
acquisition_only_sharp_null,euler_secondary,20260748,pair_09,-0.15894518364970123,1.0,False,256,replication,1.0,1.0
acquisition_only_sharp_null,euler_secondary,20260748,pair_10,-0.15983216863048788,1.0,False,256,replication,1.0,1.0
acquisition_only_sharp_null,quotient_exact,20260749,pair_01,-0.16658060711384715,1.0,False,256,primary,1.0,1.0
acquisition_only_sharp_null,quotient_exact,20260749,pair_02,-0.16250653909894097,1.0,False,256,replication,1.0,1.0
acquisition_only_sharp_null,quotient_exact,20260749,pair_03,-0.15753964595202552,1.0,False,256,replication,1.0,1.0
acquisition_only_sharp_null,quotient_exact,20260749,pair_04,-0.15924956005548485,1.0,False,256,replication,1.0,1.0
acquisition_only_sharp_null,quotient_exact,20260749,pair_05,-0.16558776703049616,1.0,False,256,replication,1.0,1.0
acquisition_only_sharp_null,quotient_exact,20260749,pair_06,-0.1603041415422216,1.0,False,256,replication,1.0,1.0
acquisition_only_sharp_null,quotient_exact,20260749,pair_07,-0.1569071204059661,1.0,False,256,replication,1.0,1.0
acquisition_only_sharp_null,quotient_exact,20260749,pair_08,-0.1644506148041479,1.0,False,256,replication,1.0,1.0
acquisition_only_sharp_null,quotient_exact,20260749,pair_09,-0.15844496027791866,1.0,False,256,replication,1.0,1.0
acquisition_only_sharp_null,quotient_exact,20260749,pair_10,-0.16065955807289267,1.0,False,256,replication,1.0,1.0
acquisition_only_sharp_null,raw_coordinates,20260749,pair_01,0.2383666659338779,0.0078125,True,256,primary,0.078125,0.0078125
acquisition_only_sharp_null,raw_coordinates,20260749,pair_02,0.2819565433354795,0.0078125,True,256,replication,0.078125,0.0703125
acquisition_only_sharp_null,raw_coordinates,20260749,pair_03,0.2855117170426853,0.0078125,True,256,replication,0.078125,0.0703125
acquisition_only_sharp_null,raw_coordinates,20260749,pair_04,0.2097277105251394,0.0078125,True,256,replication,0.078125,0.0703125
acquisition_only_sharp_null,raw_coordinates,20260749,pair_05,0.264751451134831,0.0078125,True,256,replication,0.078125,0.0703125
acquisition_only_sharp_null,raw_coordinates,20260749,pair_06,0.24986205352577895,0.0078125,True,256,replication,0.078125,0.0703125
acquisition_only_sharp_null,raw_coordinates,20260749,pair_07,0.24407387232753397,0.0078125,True,256,replication,0.078125,0.0703125
acquisition_only_sharp_null,raw_coordinates,20260749,pair_08,0.29297151464363214,0.0078125,True,256,replication,0.078125,0.0703125
acquisition_only_sharp_null,raw_coordinates,20260749,pair_09,0.26563199303379326,0.0078125,True,256,replication,0.078125,0.0703125
acquisition_only_sharp_null,raw_coordinates,20260749,pair_10,0.20877100643612356,0.0078125,True,256,replication,0.078125,0.0703125
acquisition_only_sharp_null,moment_registration,20260749,pair_01,-0.16487332241898467,1.0,False,256,primary,1.0,1.0
acquisition_only_sharp_null,moment_registration,20260749,pair_02,-0.15665441914571843,1.0,False,256,replication,1.0,1.0
acquisition_only_sharp_null,moment_registration,20260749,pair_03,-0.15858549782217968,1.0,False,256,replication,1.0,1.0
acquisition_only_sharp_null,moment_registration,20260749,pair_04,-0.16305117020314353,1.0,False,256,replication,1.0,1.0
acquisition_only_sharp_null,moment_registration,20260749,pair_05,-0.16715776780183855,1.0,False,256,replication,1.0,1.0
acquisition_only_sharp_null,moment_registration,20260749,pair_06,-0.15855536248409063,1.0,False,256,replication,1.0,1.0
acquisition_only_sharp_null,moment_registration,20260749,pair_07,-0.15521104856169265,1.0,False,256,replication,1.0,1.0
acquisition_only_sharp_null,moment_registration,20260749,pair_08,-0.15878873489001621,1.0,False,256,replication,1.0,1.0
acquisition_only_sharp_null,moment_registration,20260749,pair_09,-0.15610222645079663,1.0,False,256,replication,1.0,1.0
acquisition_only_sharp_null,moment_registration,20260749,pair_10,-0.159152296960427,1.0,False,256,replication,1.0,1.0
acquisition_only_sharp_null,euler_secondary,20260749,pair_01,-0.15807774289491416,1.0,False,256,primary,1.0,1.0
acquisition_only_sharp_null,euler_secondary,20260749,pair_02,-0.1329019821421562,1.0,False,256,replication,1.0,1.0
acquisition_only_sharp_null,euler_secondary,20260749,pair_03,-0.17912825050856496,1.0,False,256,replication,1.0,1.0
acquisition_only_sharp_null,euler_secondary,20260749,pair_04,-0.15759196783688645,1.0,False,256,replication,1.0,1.0
acquisition_only_sharp_null,euler_secondary,20260749,pair_05,-0.1505133657918244,1.0,False,256,replication,1.0,1.0
acquisition_only_sharp_null,euler_secondary,20260749,pair_06,-0.15113169542160232,1.0,False,256,replication,1.0,1.0
acquisition_only_sharp_null,euler_secondary,20260749,pair_07,-0.16064275860179678,1.0,False,256,replication,1.0,1.0
acquisition_only_sharp_null,euler_secondary,20260749,pair_08,-0.15668248215242364,1.0,False,256,replication,1.0,1.0
acquisition_only_sharp_null,euler_secondary,20260749,pair_09,-0.15894518364970123,1.0,False,256,replication,1.0,1.0
acquisition_only_sharp_null,euler_secondary,20260749,pair_10,-0.15983216863048788,1.0,False,256,replication,1.0,1.0
acquisition_only_sharp_null,quotient_exact,20260750,pair_01,-0.16658060711384715,1.0,False,256,primary,1.0,1.0
acquisition_only_sharp_null,quotient_exact,20260750,pair_02,-0.16250653909894097,1.0,False,256,replication,1.0,1.0
acquisition_only_sharp_null,quotient_exact,20260750,pair_03,-0.15753964595202552,1.0,False,256,replication,1.0,1.0
acquisition_only_sharp_null,quotient_exact,20260750,pair_04,-0.15924956005548485,1.0,False,256,replication,1.0,1.0
acquisition_only_sharp_null,quotient_exact,20260750,pair_05,-0.16558776703049616,1.0,False,256,replication,1.0,1.0
acquisition_only_sharp_null,quotient_exact,20260750,pair_06,-0.1603041415422216,1.0,False,256,replication,1.0,1.0
acquisition_only_sharp_null,quotient_exact,20260750,pair_07,-0.1569071204059661,1.0,False,256,replication,1.0,1.0
acquisition_only_sharp_null,quotient_exact,20260750,pair_08,-0.1644506148041479,1.0,False,256,replication,1.0,1.0
acquisition_only_sharp_null,quotient_exact,20260750,pair_09,-0.15844496027791866,1.0,False,256,replication,1.0,1.0
acquisition_only_sharp_null,quotient_exact,20260750,pair_10,-0.16065955807289267,1.0,False,256,replication,1.0,1.0
acquisition_only_sharp_null,raw_coordinates,20260750,pair_01,0.24108051456608803,0.0078125,True,256,primary,0.078125,0.0078125
acquisition_only_sharp_null,raw_coordinates,20260750,pair_02,0.25741217167533104,0.0078125,True,256,replication,0.078125,0.0703125
acquisition_only_sharp_null,raw_coordinates,20260750,pair_03,0.24099665204871001,0.0078125,True,256,replication,0.078125,0.0703125
acquisition_only_sharp_null,raw_coordinates,20260750,pair_04,0.18173449113896833,0.0078125,True,256,replication,0.078125,0.0703125
acquisition_only_sharp_null,raw_coordinates,20260750,pair_05,0.3045742590357148,0.0078125,True,256,replication,0.078125,0.0703125
acquisition_only_sharp_null,raw_coordinates,20260750,pair_06,0.27724169412624944,0.0078125,True,256,replication,0.078125,0.0703125
acquisition_only_sharp_null,raw_coordinates,20260750,pair_07,0.25695958426140675,0.0078125,True,256,replication,0.078125,0.0703125
acquisition_only_sharp_null,raw_coordinates,20260750,pair_08,0.2677485779215836,0.0078125,True,256,replication,0.078125,0.0703125
acquisition_only_sharp_null,raw_coordinates,20260750,pair_09,0.3406276319078384,0.0078125,True,256,replication,0.078125,0.0703125
acquisition_only_sharp_null,raw_coordinates,20260750,pair_10,0.23314778691060156,0.0078125,True,256,replication,0.078125,0.0703125
acquisition_only_sharp_null,moment_registration,20260750,pair_01,-0.16487332241898467,1.0,False,256,primary,1.0,1.0
acquisition_only_sharp_null,moment_registration,20260750,pair_02,-0.15665441914571843,1.0,False,256,replication,1.0,1.0
acquisition_only_sharp_null,moment_registration,20260750,pair_03,-0.15858549782217968,1.0,False,256,replication,1.0,1.0
acquisition_only_sharp_null,moment_registration,20260750,pair_04,-0.16305117020314353,1.0,False,256,replication,1.0,1.0
acquisition_only_sharp_null,moment_registration,20260750,pair_05,-0.16715776780183855,1.0,False,256,replication,1.0,1.0
acquisition_only_sharp_null,moment_registration,20260750,pair_06,-0.15855536248409063,1.0,False,256,replication,1.0,1.0
acquisition_only_sharp_null,moment_registration,20260750,pair_07,-0.15521104856169265,1.0,False,256,replication,1.0,1.0
acquisition_only_sharp_null,moment_registration,20260750,pair_08,-0.15878873489001621,1.0,False,256,replication,1.0,1.0
acquisition_only_sharp_null,moment_registration,20260750,pair_09,-0.15610222645079663,1.0,False,256,replication,1.0,1.0
acquisition_only_sharp_null,moment_registration,20260750,pair_10,-0.159152296960427,1.0,False,256,replication,1.0,1.0
acquisition_only_sharp_null,euler_secondary,20260750,pair_01,-0.15807774289491416,1.0,False,256,primary,1.0,1.0
acquisition_only_sharp_null,euler_secondary,20260750,pair_02,-0.1329019821421562,1.0,False,256,replication,1.0,1.0
acquisition_only_sharp_null,euler_secondary,20260750,pair_03,-0.17912825050856496,1.0,False,256,replication,1.0,1.0
acquisition_only_sharp_null,euler_secondary,20260750,pair_04,-0.15759196783688645,1.0,False,256,replication,1.0,1.0
acquisition_only_sharp_null,euler_secondary,20260750,pair_05,-0.1505133657918244,1.0,False,256,replication,1.0,1.0
acquisition_only_sharp_null,euler_secondary,20260750,pair_06,-0.15113169542160232,1.0,False,256,replication,1.0,1.0
acquisition_only_sharp_null,euler_secondary,20260750,pair_07,-0.16064275860179678,1.0,False,256,replication,1.0,1.0
acquisition_only_sharp_null,euler_secondary,20260750,pair_08,-0.15668248215242364,1.0,False,256,replication,1.0,1.0
acquisition_only_sharp_null,euler_secondary,20260750,pair_09,-0.15894518364970123,1.0,False,256,replication,1.0,1.0
acquisition_only_sharp_null,euler_secondary,20260750,pair_10,-0.15983216863048788,1.0,False,256,replication,1.0,1.0
